acousticness,analysis_url,danceability,duration_ms,energy,id,instrumentalness,key,liveness,loudness,mode,speechiness,tempo,time_signature,track_href,type,uri,valence,genre
0.0819,https://api.spotify.com/v1/audio-analysis/1ZvBVbsaNqHEP6ymXaPGlj,0.732,210587,0.6629999999999999,1ZvBVbsaNqHEP6ymXaPGlj,0.0,6,0.115,-7.6160000000000005,0,0.192,139.964,4,https://api.spotify.com/v1/tracks/1ZvBVbsaNqHEP6ymXaPGlj,audio_features,spotify:track:1ZvBVbsaNqHEP6ymXaPGlj,0.22699999999999998,Hip-Hop
0.0224,https://api.spotify.com/v1/audio-analysis/04VO6VICgMJgTe2dLxFBoW,0.6829999999999999,186210,0.779,04VO6VICgMJgTe2dLxFBoW,0.0,2,0.368,-6.5120000000000005,1,0.0609,138.018,4,https://api.spotify.com/v1/tracks/04VO6VICgMJgTe2dLxFBoW,audio_features,spotify:track:04VO6VICgMJgTe2dLxFBoW,0.198,Hip-Hop
0.0249,https://api.spotify.com/v1/audio-analysis/2vX5WL7s6UdeQyweZEx7PP,0.629,211027,0.785,2vX5WL7s6UdeQyweZEx7PP,9.45e-06,5,0.0522,-10.761,1,0.0471,108.531,4,https://api.spotify.com/v1/tracks/2vX5WL7s6UdeQyweZEx7PP,audio_features,spotify:track:2vX5WL7s6UdeQyweZEx7PP,0.8690000000000001,Rock
0.0028699999999999997,https://api.spotify.com/v1/audio-analysis/2SiXAy7TuUkycRVbbWDEpo,0.532,210173,0.767,2SiXAy7TuUkycRVbbWDEpo,0.000513,7,0.39,-5.5089999999999995,1,0.0574,127.361,4,https://api.spotify.com/v1/tracks/2SiXAy7TuUkycRVbbWDEpo,audio_features,spotify:track:2SiXAy7TuUkycRVbbWDEpo,0.755,Rock
0.748,https://api.spotify.com/v1/audio-analysis/5x3TUfYzgZIdt0Kaop64ss,0.13,302093,0.158,5x3TUfYzgZIdt0Kaop64ss,0.924,2,0.1,-16.132,1,0.035,85.031,4,https://api.spotify.com/v1/tracks/5x3TUfYzgZIdt0Kaop64ss,audio_features,spotify:track:5x3TUfYzgZIdt0Kaop64ss,0.0998,Classical
0.000989,https://api.spotify.com/v1/audio-analysis/3sY6z4pGcxpMwx3W026WtU,0.42100000000000004,303587,0.677,3sY6z4pGcxpMwx3W026WtU,9.65e-05,4,0.21100000000000002,-6.183,1,0.0343,127.67,4,https://api.spotify.com/v1/tracks/3sY6z4pGcxpMwx3W026WtU,audio_features,spotify:track:3sY6z4pGcxpMwx3W026WtU,0.6829999999999999,Rock
0.0192,https://api.spotify.com/v1/audio-analysis/1zGk1kgAxCpg6PHjGuLe4J,0.5429999999999999,180943,0.715,1zGk1kgAxCpg6PHjGuLe4J,0.0,2,0.256,-8.89,1,0.0356,124.01100000000001,4,https://api.spotify.com/v1/tracks/1zGk1kgAxCpg6PHjGuLe4J,audio_features,spotify:track:1zGk1kgAxCpg6PHjGuLe4J,0.46799999999999997,Rock
0.0409,https://api.spotify.com/v1/audio-analysis/1lqMLr9Wj7SM2F9AikGcxN,0.509,512733,0.8270000000000001,1lqMLr9Wj7SM2F9AikGcxN,0.0,0,0.12,-7.715,1,0.079,135.601,4,https://api.spotify.com/v1/tracks/1lqMLr9Wj7SM2F9AikGcxN,audio_features,spotify:track:1lqMLr9Wj7SM2F9AikGcxN,0.743,Rock
0.057,https://api.spotify.com/v1/audio-analysis/6EDO9iiTtwNv6waLwa1UUq,0.8,200221,0.56,6EDO9iiTtwNv6waLwa1UUq,0.0,5,0.134,-4.8180000000000005,0,0.261,163.071,4,https://api.spotify.com/v1/tracks/6EDO9iiTtwNv6waLwa1UUq,audio_features,spotify:track:6EDO9iiTtwNv6waLwa1UUq,0.45,Hip-Hop
0.894,https://api.spotify.com/v1/audio-analysis/3QN7ups1LvVMASAe94yEEx,0.253,204093,0.177,3QN7ups1LvVMASAe94yEEx,0.573,7,0.6679999999999999,-19.525,1,0.0346,89.052,4,https://api.spotify.com/v1/tracks/3QN7ups1LvVMASAe94yEEx,audio_features,spotify:track:3QN7ups1LvVMASAe94yEEx,0.242,Classical
0.7290000000000001,https://api.spotify.com/v1/audio-analysis/3AhXZa8sUQht0UEdBJgpGc,0.483,369600,0.721,3AhXZa8sUQht0UEdBJgpGc,0.0,0,0.18899999999999997,-6.836,1,0.032,95.26100000000001,4,https://api.spotify.com/v1/tracks/3AhXZa8sUQht0UEdBJgpGc,audio_features,spotify:track:3AhXZa8sUQht0UEdBJgpGc,0.562,Rock
0.9840000000000001,https://api.spotify.com/v1/audio-analysis/5bVlEvO3SadcOyh6rnWW4P,0.33899999999999997,277148,0.0588,5bVlEvO3SadcOyh6rnWW4P,0.862,10,0.12,-17.647000000000002,0,0.0373,105.916,4,https://api.spotify.com/v1/tracks/5bVlEvO3SadcOyh6rnWW4P,audio_features,spotify:track:5bVlEvO3SadcOyh6rnWW4P,0.198,Classical
0.278,https://api.spotify.com/v1/audio-analysis/7uxgachjTrpBsSMpleVrtk,0.782,231053,0.529,7uxgachjTrpBsSMpleVrtk,0.0,6,0.0826,-8.877,0,0.0959,134.005,4,https://api.spotify.com/v1/tracks/7uxgachjTrpBsSMpleVrtk,audio_features,spotify:track:7uxgachjTrpBsSMpleVrtk,0.3,Hip-Hop
0.11199999999999999,https://api.spotify.com/v1/audio-analysis/57JVGBtBLCfHw2muk5416J,0.9329999999999999,214653,0.528,57JVGBtBLCfHw2muk5416J,0.32899999999999996,5,0.163,-6.472,0,0.162,109.975,4,https://api.spotify.com/v1/tracks/57JVGBtBLCfHw2muk5416J,audio_features,spotify:track:57JVGBtBLCfHw2muk5416J,0.7559999999999999,Rock
0.0436,https://api.spotify.com/v1/audio-analysis/3SYcVoUJ5mOgQHLkkrPdd3,0.784,190062,0.499,3SYcVoUJ5mOgQHLkkrPdd3,0.0,2,0.11800000000000001,-9.713,0,0.324,119.993,4,https://api.spotify.com/v1/tracks/3SYcVoUJ5mOgQHLkkrPdd3,audio_features,spotify:track:3SYcVoUJ5mOgQHLkkrPdd3,0.431,Hip-Hop
0.978,https://api.spotify.com/v1/audio-analysis/6vS8JCT9WqTFeAuu8smjRF,0.18600000000000003,183267,0.124,6vS8JCT9WqTFeAuu8smjRF,0.865,1,0.111,-15.270999999999999,1,0.0434,77.903,4,https://api.spotify.com/v1/tracks/6vS8JCT9WqTFeAuu8smjRF,audio_features,spotify:track:6vS8JCT9WqTFeAuu8smjRF,0.248,Classical
0.9620000000000001,https://api.spotify.com/v1/audio-analysis/04eShjKTWijeJJqGnhxpYK,0.151,200360,0.0639,04eShjKTWijeJJqGnhxpYK,0.603,11,0.466,-24.404,0,0.0439,61.577,3,https://api.spotify.com/v1/tracks/04eShjKTWijeJJqGnhxpYK,audio_features,spotify:track:04eShjKTWijeJJqGnhxpYK,0.0797,Classical
0.0999,https://api.spotify.com/v1/audio-analysis/1qjrNEqL2zaRvEPWWNmSTt,0.774,160465,0.677,1qjrNEqL2zaRvEPWWNmSTt,3.92e-06,2,0.32799999999999996,-6.5760000000000005,0,0.17300000000000001,172.02700000000002,4,https://api.spotify.com/v1/tracks/1qjrNEqL2zaRvEPWWNmSTt,audio_features,spotify:track:1qjrNEqL2zaRvEPWWNmSTt,0.7390000000000001,Hip-Hop
0.9690000000000001,https://api.spotify.com/v1/audio-analysis/6VDHdry8ytOL2WWbePDxSD,0.11599999999999999,195333,0.0694,6VDHdry8ytOL2WWbePDxSD,0.644,0,0.109,-23.624000000000002,1,0.0497,169.78900000000002,4,https://api.spotify.com/v1/tracks/6VDHdry8ytOL2WWbePDxSD,audio_features,spotify:track:6VDHdry8ytOL2WWbePDxSD,0.0377,Classical
0.413,https://api.spotify.com/v1/audio-analysis/0832Tptls5YicHPGgw7ssP,0.7859999999999999,265173,0.87,0832Tptls5YicHPGgw7ssP,0.0004940000000000001,1,0.0389,-3.875,0,0.0316,100.66,4,https://api.spotify.com/v1/tracks/0832Tptls5YicHPGgw7ssP,audio_features,spotify:track:0832Tptls5YicHPGgw7ssP,0.8640000000000001,Rock
0.6990000000000001,https://api.spotify.com/v1/audio-analysis/1fDsrQ23eTAVFElUMaf38X,0.531,516893,0.48100000000000004,1fDsrQ23eTAVFElUMaf38X,0.0,4,0.0842,-11.709000000000001,0,0.06,138.45,4,https://api.spotify.com/v1/tracks/1fDsrQ23eTAVFElUMaf38X,audio_features,spotify:track:1fDsrQ23eTAVFElUMaf38X,0.491,Rock
0.25,https://api.spotify.com/v1/audio-analysis/7IhkWF9zpiYKlU7CxHxYT9,0.7659999999999999,332907,0.446,7IhkWF9zpiYKlU7CxHxYT9,0.000704,2,0.318,-13.079,1,0.0867,119.774,4,https://api.spotify.com/v1/tracks/7IhkWF9zpiYKlU7CxHxYT9,audio_features,spotify:track:7IhkWF9zpiYKlU7CxHxYT9,0.743,Rock
0.971,https://api.spotify.com/v1/audio-analysis/6kg7bfwsTKzRqnBGGv4VqR,0.193,580253,0.0839,6kg7bfwsTKzRqnBGGv4VqR,0.8220000000000001,8,0.11800000000000001,-22.849,1,0.0406,85.556,4,https://api.spotify.com/v1/tracks/6kg7bfwsTKzRqnBGGv4VqR,audio_features,spotify:track:6kg7bfwsTKzRqnBGGv4VqR,0.0569,Classical
0.56,https://api.spotify.com/v1/audio-analysis/2sXp9Qmvc7mRaDBjBgcGGi,0.813,253887,0.46,2sXp9Qmvc7mRaDBjBgcGGi,0.0105,1,0.0724,-9.78,1,0.0346,117.387,4,https://api.spotify.com/v1/tracks/2sXp9Qmvc7mRaDBjBgcGGi,audio_features,spotify:track:2sXp9Qmvc7mRaDBjBgcGGi,0.7290000000000001,Rock
0.0667,https://api.spotify.com/v1/audio-analysis/4TCG827sk5fDEmUvcQlStk,0.951,211040,0.573,4TCG827sk5fDEmUvcQlStk,0.0,0,0.11900000000000001,-6.002000000000001,0,0.22699999999999998,105.052,4,https://api.spotify.com/v1/tracks/4TCG827sk5fDEmUvcQlStk,audio_features,spotify:track:4TCG827sk5fDEmUvcQlStk,0.42,Hip-Hop
0.804,https://api.spotify.com/v1/audio-analysis/54CAG8n70kKVbFV6l1zF4G,0.295,237413,0.408,54CAG8n70kKVbFV6l1zF4G,0.14800000000000002,4,0.165,-16.632,0,0.0693,150.454,3,https://api.spotify.com/v1/tracks/54CAG8n70kKVbFV6l1zF4G,audio_features,spotify:track:54CAG8n70kKVbFV6l1zF4G,0.16399999999999998,Classical
0.9940000000000001,https://api.spotify.com/v1/audio-analysis/3MRQn2RYo2VLYMoStnLRxu,0.491,346587,0.0176,3MRQn2RYo2VLYMoStnLRxu,0.927,4,0.0985,-26.910999999999998,0,0.0644,125.79299999999999,3,https://api.spotify.com/v1/tracks/3MRQn2RYo2VLYMoStnLRxu,audio_features,spotify:track:3MRQn2RYo2VLYMoStnLRxu,0.0901,Classical
0.9009999999999999,https://api.spotify.com/v1/audio-analysis/5d6FOGCa0EDqCJSpccEh8s,0.359,152160,0.046,5d6FOGCa0EDqCJSpccEh8s,0.11800000000000001,6,0.27699999999999997,-18.725,0,0.0407,127.65299999999999,4,https://api.spotify.com/v1/tracks/5d6FOGCa0EDqCJSpccEh8s,audio_features,spotify:track:5d6FOGCa0EDqCJSpccEh8s,0.263,Classical
0.18899999999999997,https://api.spotify.com/v1/audio-analysis/2zjGJ0dChMR0KxBZS15aqo,0.883,174100,0.525,2zjGJ0dChMR0KxBZS15aqo,0.0,2,0.0971,-8.054,0,0.0633,99.978,4,https://api.spotify.com/v1/tracks/2zjGJ0dChMR0KxBZS15aqo,audio_features,spotify:track:2zjGJ0dChMR0KxBZS15aqo,0.312,Hip-Hop
0.992,https://api.spotify.com/v1/audio-analysis/5U7T2widXE5MqoQ6dmi3O9,0.35700000000000004,239333,0.0464,5U7T2widXE5MqoQ6dmi3O9,0.8590000000000001,8,0.109,-20.868000000000002,1,0.0434,69.859,3,https://api.spotify.com/v1/tracks/5U7T2widXE5MqoQ6dmi3O9,audio_features,spotify:track:5U7T2widXE5MqoQ6dmi3O9,0.0417,Classical
0.29100000000000004,https://api.spotify.com/v1/audio-analysis/2HNLyHjPd1TyRYXb3f0r6D,0.836,213600,0.498,2HNLyHjPd1TyRYXb3f0r6D,0.0,11,0.1,-8.846,0,0.44299999999999995,100.02,4,https://api.spotify.com/v1/tracks/2HNLyHjPd1TyRYXb3f0r6D,audio_features,spotify:track:2HNLyHjPd1TyRYXb3f0r6D,0.292,Hip-Hop
0.987,https://api.spotify.com/v1/audio-analysis/2u9VGZmVz7Rm01SfDgzcfA,0.27899999999999997,293147,0.0292,2u9VGZmVz7Rm01SfDgzcfA,0.902,8,0.10400000000000001,-26.804000000000002,1,0.0406,136.732,3,https://api.spotify.com/v1/tracks/2u9VGZmVz7Rm01SfDgzcfA,audio_features,spotify:track:2u9VGZmVz7Rm01SfDgzcfA,0.0338,Classical
0.325,https://api.spotify.com/v1/audio-analysis/1kK6DwzyXJSp58u5HYWwuD,0.88,299227,0.67,1kK6DwzyXJSp58u5HYWwuD,4.17e-06,2,0.0662,-5.1770000000000005,1,0.0468,101.008,4,https://api.spotify.com/v1/tracks/1kK6DwzyXJSp58u5HYWwuD,audio_features,spotify:track:1kK6DwzyXJSp58u5HYWwuD,0.131,Hip-Hop
0.00255,https://api.spotify.com/v1/audio-analysis/2aoo2jlRnM3A0NyLQqMN2f,0.43799999999999994,240800,0.805,2aoo2jlRnM3A0NyLQqMN2f,5.6899999999999994e-05,8,0.0842,-6.237,1,0.0624,113.25299999999999,4,https://api.spotify.com/v1/tracks/2aoo2jlRnM3A0NyLQqMN2f,audio_features,spotify:track:2aoo2jlRnM3A0NyLQqMN2f,0.564,Rock
0.18100000000000002,https://api.spotify.com/v1/audio-analysis/38Ngied9rBORlAbLYNCl4k,0.644,259907,0.919,38Ngied9rBORlAbLYNCl4k,0.134,2,0.622,-6.289,1,0.0561,117.459,4,https://api.spotify.com/v1/tracks/38Ngied9rBORlAbLYNCl4k,audio_features,spotify:track:38Ngied9rBORlAbLYNCl4k,0.871,Rock
0.0178,https://api.spotify.com/v1/audio-analysis/6UHfW9PmGAUjIVeIkPzPQ2,0.764,168980,0.774,6UHfW9PmGAUjIVeIkPzPQ2,0.0,5,0.113,-2.8710000000000004,0,0.20199999999999999,149.952,4,https://api.spotify.com/v1/tracks/6UHfW9PmGAUjIVeIkPzPQ2,audio_features,spotify:track:6UHfW9PmGAUjIVeIkPzPQ2,0.597,Hip-Hop
0.00301,https://api.spotify.com/v1/audio-analysis/76MjtLfZoTNc3BDqUVjuRH,0.8009999999999999,280666,0.596,76MjtLfZoTNc3BDqUVjuRH,0.0,1,0.162,-4.72,1,0.0534,120.02799999999999,4,https://api.spotify.com/v1/tracks/76MjtLfZoTNc3BDqUVjuRH,audio_features,spotify:track:76MjtLfZoTNc3BDqUVjuRH,0.134,Hip-Hop
0.0153,https://api.spotify.com/v1/audio-analysis/1wJRveJZLSb1rjhnUHQiv6,0.581,189487,0.662,1wJRveJZLSb1rjhnUHQiv6,0.0,9,0.111,-5.239,1,0.303,93.023,4,https://api.spotify.com/v1/tracks/1wJRveJZLSb1rjhnUHQiv6,audio_features,spotify:track:1wJRveJZLSb1rjhnUHQiv6,0.434,Hip-Hop
0.925,https://api.spotify.com/v1/audio-analysis/7uf3aFC1msj0t5cYImgOWy,0.24100000000000002,209373,0.122,7uf3aFC1msj0t5cYImgOWy,0.66,7,0.126,-22.410999999999998,1,0.0497,66.325,4,https://api.spotify.com/v1/tracks/7uf3aFC1msj0t5cYImgOWy,audio_features,spotify:track:7uf3aFC1msj0t5cYImgOWy,0.187,Classical
0.9440000000000001,https://api.spotify.com/v1/audio-analysis/5pjDwtMPly0cNMbuGXhUOI,0.14800000000000002,478573,0.0722,5pjDwtMPly0cNMbuGXhUOI,0.14800000000000002,4,0.115,-25.217,0,0.0427,87.882,4,https://api.spotify.com/v1/tracks/5pjDwtMPly0cNMbuGXhUOI,audio_features,spotify:track:5pjDwtMPly0cNMbuGXhUOI,0.0467,Classical
0.0966,https://api.spotify.com/v1/audio-analysis/6gXrEUzibufX9xYPk3HD5p,0.667,286220,0.755,6gXrEUzibufX9xYPk3HD5p,6.94e-05,9,0.0523,-7.246,1,0.069,109.535,4,https://api.spotify.com/v1/tracks/6gXrEUzibufX9xYPk3HD5p,audio_features,spotify:track:6gXrEUzibufX9xYPk3HD5p,0.883,Rock
0.0648,https://api.spotify.com/v1/audio-analysis/5e6x5YRnMJIKvYpZxLqdpH,0.636,138053,0.746,5e6x5YRnMJIKvYpZxLqdpH,0.29,0,0.17300000000000001,-3.785,1,0.0393,132.31,4,https://api.spotify.com/v1/tracks/5e6x5YRnMJIKvYpZxLqdpH,audio_features,spotify:track:5e6x5YRnMJIKvYpZxLqdpH,0.43200000000000005,Rock
0.903,https://api.spotify.com/v1/audio-analysis/6HknRM996YMa7VSBFYlnPJ,0.177,485667,0.127,6HknRM996YMa7VSBFYlnPJ,0.9009999999999999,8,0.114,-19.167,1,0.0394,149.69799999999998,4,https://api.spotify.com/v1/tracks/6HknRM996YMa7VSBFYlnPJ,audio_features,spotify:track:6HknRM996YMa7VSBFYlnPJ,0.0612,Classical
0.995,https://api.spotify.com/v1/audio-analysis/1aTpzY2ggWHhPi8p2f56u1,0.436,224133,0.00518,1aTpzY2ggWHhPi8p2f56u1,0.932,7,0.0788,-36.593,1,0.067,135.286,5,https://api.spotify.com/v1/tracks/1aTpzY2ggWHhPi8p2f56u1,audio_features,spotify:track:1aTpzY2ggWHhPi8p2f56u1,0.275,Classical
0.46799999999999997,https://api.spotify.com/v1/audio-analysis/1snMZcKWW9QIeCEBafnqVx,0.7979999999999999,184110,0.6409999999999999,1snMZcKWW9QIeCEBafnqVx,0.0,1,0.171,-5.581,1,0.37200000000000005,146.078,4,https://api.spotify.com/v1/tracks/1snMZcKWW9QIeCEBafnqVx,audio_features,spotify:track:1snMZcKWW9QIeCEBafnqVx,0.42100000000000004,Hip-Hop
0.209,https://api.spotify.com/v1/audio-analysis/7CmNyEQUpNSX6RMM5Fw3os,0.6890000000000001,171888,0.39299999999999996,7CmNyEQUpNSX6RMM5Fw3os,0.0,0,0.122,-9.179,0,0.0876,158.016,4,https://api.spotify.com/v1/tracks/7CmNyEQUpNSX6RMM5Fw3os,audio_features,spotify:track:7CmNyEQUpNSX6RMM5Fw3os,0.513,Hip-Hop
0.172,https://api.spotify.com/v1/audio-analysis/4YmmiC4bRQS9nBcrc4qTbI,0.84,172982,0.68,4YmmiC4bRQS9nBcrc4qTbI,0.0,4,0.131,-6.03,0,0.069,91.5,4,https://api.spotify.com/v1/tracks/4YmmiC4bRQS9nBcrc4qTbI,audio_features,spotify:track:4YmmiC4bRQS9nBcrc4qTbI,0.142,Hip-Hop
0.122,https://api.spotify.com/v1/audio-analysis/4kfeRwpq5KUaqTkgi4TbDF,0.691,205666,0.632,4kfeRwpq5KUaqTkgi4TbDF,0.0,1,0.0646,-7.598,1,0.0513,169.982,4,https://api.spotify.com/v1/tracks/4kfeRwpq5KUaqTkgi4TbDF,audio_features,spotify:track:4kfeRwpq5KUaqTkgi4TbDF,0.488,Hip-Hop
0.794,https://api.spotify.com/v1/audio-analysis/7rfomFrvtDcxRTCSEunAfA,0.7929999999999999,186667,0.457,7rfomFrvtDcxRTCSEunAfA,0.0,11,0.11199999999999999,-11.902000000000001,1,0.127,135.119,4,https://api.spotify.com/v1/tracks/7rfomFrvtDcxRTCSEunAfA,audio_features,spotify:track:7rfomFrvtDcxRTCSEunAfA,0.904,Hip-Hop
0.958,https://api.spotify.com/v1/audio-analysis/0xX7kREWmOGBWzYNcpZwRN,0.25,364093,0.135,0xX7kREWmOGBWzYNcpZwRN,0.0349,9,0.0477,-18.615,1,0.0488,94.404,4,https://api.spotify.com/v1/tracks/0xX7kREWmOGBWzYNcpZwRN,audio_features,spotify:track:0xX7kREWmOGBWzYNcpZwRN,0.179,Classical
0.0562,https://api.spotify.com/v1/audio-analysis/02mYw61RoS1vXvkD9Q5dpN,0.889,154667,0.507,02mYw61RoS1vXvkD9Q5dpN,0.0,2,0.11599999999999999,-8.74,1,0.162,111.994,4,https://api.spotify.com/v1/tracks/02mYw61RoS1vXvkD9Q5dpN,audio_features,spotify:track:02mYw61RoS1vXvkD9Q5dpN,0.21899999999999997,Hip-Hop
0.389,https://api.spotify.com/v1/audio-analysis/5y4761pjcksXs1hNsCmc4n,0.691,250400,0.5920000000000001,5y4761pjcksXs1hNsCmc4n,3.289999999999999e-05,2,0.124,-8.089,1,0.0366,115.152,4,https://api.spotify.com/v1/tracks/5y4761pjcksXs1hNsCmc4n,audio_features,spotify:track:5y4761pjcksXs1hNsCmc4n,0.736,Rock
0.976,https://api.spotify.com/v1/audio-analysis/7vJhOBgOkXyEJvw1vsU6HB,0.156,703720,0.0978,7vJhOBgOkXyEJvw1vsU6HB,0.893,5,0.0854,-16.326,1,0.0371,179.447,3,https://api.spotify.com/v1/tracks/7vJhOBgOkXyEJvw1vsU6HB,audio_features,spotify:track:7vJhOBgOkXyEJvw1vsU6HB,0.0638,Classical
0.0247,https://api.spotify.com/v1/audio-analysis/1KyZ4rUiW2lkqGNLQYKpcC,0.941,187898,0.46299999999999997,1KyZ4rUiW2lkqGNLQYKpcC,5.5299999999999996e-05,8,0.192,-5.992999999999999,1,0.113,127.00299999999999,4,https://api.spotify.com/v1/tracks/1KyZ4rUiW2lkqGNLQYKpcC,audio_features,spotify:track:1KyZ4rUiW2lkqGNLQYKpcC,0.312,Hip-Hop
0.000825,https://api.spotify.com/v1/audio-analysis/61Q9oJNd9hJQFhSDh6Qlap,0.315,269720,0.534,61Q9oJNd9hJQFhSDh6Qlap,0.10800000000000001,9,0.10099999999999999,-7.5520000000000005,0,0.031,116.891,3,https://api.spotify.com/v1/tracks/61Q9oJNd9hJQFhSDh6Qlap,audio_features,spotify:track:61Q9oJNd9hJQFhSDh6Qlap,0.28300000000000003,Rock
0.5820000000000001,https://api.spotify.com/v1/audio-analysis/5RIYuJdysFUaVPgnuQd2kK,0.742,132928,0.36,5RIYuJdysFUaVPgnuQd2kK,0.0,1,0.0772,-11.285,0,0.145,126.07799999999999,4,https://api.spotify.com/v1/tracks/5RIYuJdysFUaVPgnuQd2kK,audio_features,spotify:track:5RIYuJdysFUaVPgnuQd2kK,0.34700000000000003,Hip-Hop
0.151,https://api.spotify.com/v1/audio-analysis/1xEcsGNqeAeeB5Yx2gmFRJ,0.9229999999999999,136800,0.473,1xEcsGNqeAeeB5Yx2gmFRJ,0.0,5,0.0978,-8.641,0,0.40700000000000003,100.01799999999999,4,https://api.spotify.com/v1/tracks/1xEcsGNqeAeeB5Yx2gmFRJ,audio_features,spotify:track:1xEcsGNqeAeeB5Yx2gmFRJ,0.531,Hip-Hop
0.0301,https://api.spotify.com/v1/audio-analysis/0eFvoRSTTaR2q8bSWVjwfp,0.456,271867,0.978,0eFvoRSTTaR2q8bSWVjwfp,0.499,10,0.313,-4.869,0,0.11199999999999999,123.411,4,https://api.spotify.com/v1/tracks/0eFvoRSTTaR2q8bSWVjwfp,audio_features,spotify:track:0eFvoRSTTaR2q8bSWVjwfp,0.327,Rock
0.499,https://api.spotify.com/v1/audio-analysis/5xbuJuQsTVheVZvX2AJVIv,0.701,151507,0.341,5xbuJuQsTVheVZvX2AJVIv,0.903,1,0.359,-12.26,0,0.0418,105.51299999999999,3,https://api.spotify.com/v1/tracks/5xbuJuQsTVheVZvX2AJVIv,audio_features,spotify:track:5xbuJuQsTVheVZvX2AJVIv,0.163,Classical
0.327,https://api.spotify.com/v1/audio-analysis/5LNiqEqpDc8TuqPy79kDBu,0.591,329413,0.804,5LNiqEqpDc8TuqPy79kDBu,5.98e-06,0,0.0818,-7.2989999999999995,1,0.0454,111.45700000000001,4,https://api.spotify.com/v1/tracks/5LNiqEqpDc8TuqPy79kDBu,audio_features,spotify:track:5LNiqEqpDc8TuqPy79kDBu,0.6579999999999999,Rock
0.8240000000000001,https://api.spotify.com/v1/audio-analysis/7MdenBcztjoBdJUvFxBFeX,0.298,253440,0.34600000000000003,7MdenBcztjoBdJUvFxBFeX,0.6940000000000001,3,0.295,-15.465,1,0.0416,78.98899999999999,4,https://api.spotify.com/v1/tracks/7MdenBcztjoBdJUvFxBFeX,audio_features,spotify:track:7MdenBcztjoBdJUvFxBFeX,0.48200000000000004,Classical
0.0010199999999999999,https://api.spotify.com/v1/audio-analysis/5Ly2g3fnof2iFE8zsQZJX2,0.51,163467,0.893,5Ly2g3fnof2iFE8zsQZJX2,5.85e-05,9,0.201,-9.267000000000001,1,0.0342,142.657,4,https://api.spotify.com/v1/tracks/5Ly2g3fnof2iFE8zsQZJX2,audio_features,spotify:track:5Ly2g3fnof2iFE8zsQZJX2,0.934,Rock
0.81,https://api.spotify.com/v1/audio-analysis/64ZxBE1ZgK4C0lGljXzDcG,0.48,204147,0.163,64ZxBE1ZgK4C0lGljXzDcG,0.754,5,0.09300000000000001,-19.117,0,0.0645,158.366,4,https://api.spotify.com/v1/tracks/64ZxBE1ZgK4C0lGljXzDcG,audio_features,spotify:track:64ZxBE1ZgK4C0lGljXzDcG,0.212,Classical
0.135,https://api.spotify.com/v1/audio-analysis/5qBqBdfTEIWJwAS0Jm2F5R,0.452,229360,0.818,5qBqBdfTEIWJwAS0Jm2F5R,2.72e-05,2,0.052000000000000005,-8.124,1,0.0439,124.47399999999999,4,https://api.spotify.com/v1/tracks/5qBqBdfTEIWJwAS0Jm2F5R,audio_features,spotify:track:5qBqBdfTEIWJwAS0Jm2F5R,0.755,Rock
0.337,https://api.spotify.com/v1/audio-analysis/4DV3MDGMzn3ZKHHe38chpv,0.927,160940,0.47700000000000004,4DV3MDGMzn3ZKHHe38chpv,0.0,11,0.0998,-10.006,0,0.18,123.927,4,https://api.spotify.com/v1/tracks/4DV3MDGMzn3ZKHHe38chpv,audio_features,spotify:track:4DV3MDGMzn3ZKHHe38chpv,0.527,Hip-Hop
0.214,https://api.spotify.com/v1/audio-analysis/2d4e45fmUnguxh6yqC7gNT,0.6679999999999999,231933,0.9059999999999999,2d4e45fmUnguxh6yqC7gNT,0.00245,11,0.135,-4.881,0,0.17,135.653,4,https://api.spotify.com/v1/tracks/2d4e45fmUnguxh6yqC7gNT,audio_features,spotify:track:2d4e45fmUnguxh6yqC7gNT,0.507,Rock
0.38799999999999996,https://api.spotify.com/v1/audio-analysis/5MxNLUsfh7uzROypsoO5qe,0.307,266960,0.433,5MxNLUsfh7uzROypsoO5qe,9.08e-05,1,0.332,-10.057,1,0.028999999999999998,160.9,4,https://api.spotify.com/v1/tracks/5MxNLUsfh7uzROypsoO5qe,audio_features,spotify:track:5MxNLUsfh7uzROypsoO5qe,0.22399999999999998,Rock
0.165,https://api.spotify.com/v1/audio-analysis/4UTRD2xKw4NAWPU84L0emR,0.863,104411,0.8340000000000001,4UTRD2xKw4NAWPU84L0emR,4.39e-06,11,0.193,-5.274,1,0.122,92.005,4,https://api.spotify.com/v1/tracks/4UTRD2xKw4NAWPU84L0emR,audio_features,spotify:track:4UTRD2xKw4NAWPU84L0emR,0.596,Hip-Hop
0.00336,https://api.spotify.com/v1/audio-analysis/6o3QUC5oAE4g6WxRIFcZtb,0.65,194621,0.613,6o3QUC5oAE4g6WxRIFcZtb,0.0,9,0.267,-6.13,0,0.128,149.972,4,https://api.spotify.com/v1/tracks/6o3QUC5oAE4g6WxRIFcZtb,audio_features,spotify:track:6o3QUC5oAE4g6WxRIFcZtb,0.0804,Hip-Hop
0.0302,https://api.spotify.com/v1/audio-analysis/2EqlS6tkEnglzr7tkKAAYD,0.5329999999999999,259947,0.376,2EqlS6tkEnglzr7tkKAAYD,0.248,9,0.0926,-11.913,0,0.0393,165.007,4,https://api.spotify.com/v1/tracks/2EqlS6tkEnglzr7tkKAAYD,audio_features,spotify:track:2EqlS6tkEnglzr7tkKAAYD,0.187,Rock
0.015,https://api.spotify.com/v1/audio-analysis/4KfSdst7rW39C0sfhArdrz,0.547,261933,0.691,4KfSdst7rW39C0sfhArdrz,0.105,4,0.14400000000000002,-13.552999999999999,0,0.0369,137.148,4,https://api.spotify.com/v1/tracks/4KfSdst7rW39C0sfhArdrz,audio_features,spotify:track:4KfSdst7rW39C0sfhArdrz,0.667,Rock
0.392,https://api.spotify.com/v1/audio-analysis/3QzAOrNlsabgbMwlZt7TAY,0.809,180435,0.545,3QzAOrNlsabgbMwlZt7TAY,0.0,7,0.151,-6.678,1,0.0735,97.008,4,https://api.spotify.com/v1/tracks/3QzAOrNlsabgbMwlZt7TAY,audio_features,spotify:track:3QzAOrNlsabgbMwlZt7TAY,0.244,Hip-Hop
0.978,https://api.spotify.com/v1/audio-analysis/6cC6h5E351deEGFd7Kh9uy,0.465,268853,0.128,6cC6h5E351deEGFd7Kh9uy,0.271,9,0.0423,-17.628,0,0.0519,111.471,4,https://api.spotify.com/v1/tracks/6cC6h5E351deEGFd7Kh9uy,audio_features,spotify:track:6cC6h5E351deEGFd7Kh9uy,0.428,Classical
0.027000000000000003,https://api.spotify.com/v1/audio-analysis/3Zprj0bhpyay7xIM1N6rXG,0.912,147907,0.465,3Zprj0bhpyay7xIM1N6rXG,0.0,8,0.16,-7.462999999999999,1,0.094,126.023,4,https://api.spotify.com/v1/tracks/3Zprj0bhpyay7xIM1N6rXG,audio_features,spotify:track:3Zprj0bhpyay7xIM1N6rXG,0.919,Hip-Hop
0.00145,https://api.spotify.com/v1/audio-analysis/3QZ7uX97s82HFYSmQUAN1D,0.536,276880,0.9009999999999999,3QZ7uX97s82HFYSmQUAN1D,0.0186,9,0.06,-7.211,1,0.0374,87.559,4,https://api.spotify.com/v1/tracks/3QZ7uX97s82HFYSmQUAN1D,audio_features,spotify:track:3QZ7uX97s82HFYSmQUAN1D,0.6659999999999999,Rock
0.36700000000000005,https://api.spotify.com/v1/audio-analysis/6zeE5tKyr8Nu882DQhhSQI,0.475,206267,0.322,6zeE5tKyr8Nu882DQhhSQI,0.00056,7,0.11,-10.687000000000001,1,0.0283,93.50299999999999,4,https://api.spotify.com/v1/tracks/6zeE5tKyr8Nu882DQhhSQI,audio_features,spotify:track:6zeE5tKyr8Nu882DQhhSQI,0.387,Rock
0.342,https://api.spotify.com/v1/audio-analysis/6fTt0CH2t0mdeB2N9XFG5r,0.703,114893,0.594,6fTt0CH2t0mdeB2N9XFG5r,0.0,5,0.12300000000000001,-6.146,0,0.0752,153.84799999999998,4,https://api.spotify.com/v1/tracks/6fTt0CH2t0mdeB2N9XFG5r,audio_features,spotify:track:6fTt0CH2t0mdeB2N9XFG5r,0.475,Hip-Hop
0.12300000000000001,https://api.spotify.com/v1/audio-analysis/5jzma6gCzYtKB1DbEwFZKH,0.6509999999999999,200480,0.8009999999999999,5jzma6gCzYtKB1DbEwFZKH,0.0,0,0.0825,-7.34,1,0.0513,133.763,4,https://api.spotify.com/v1/tracks/5jzma6gCzYtKB1DbEwFZKH,audio_features,spotify:track:5jzma6gCzYtKB1DbEwFZKH,0.7759999999999999,Rock
0.0318,https://api.spotify.com/v1/audio-analysis/2tDrlnQWiCDis4H8RT0W2h,0.758,195397,0.6659999999999999,2tDrlnQWiCDis4H8RT0W2h,0.00418,8,0.33,-8.086,1,0.14,162.083,4,https://api.spotify.com/v1/tracks/2tDrlnQWiCDis4H8RT0W2h,audio_features,spotify:track:2tDrlnQWiCDis4H8RT0W2h,0.701,Hip-Hop
0.0121,https://api.spotify.com/v1/audio-analysis/5wMh9hhqKQ4JfqLuvqAC7s,0.8809999999999999,219465,0.785,5wMh9hhqKQ4JfqLuvqAC7s,0.0,2,0.0849,-5.4,1,0.102,105.97200000000001,4,https://api.spotify.com/v1/tracks/5wMh9hhqKQ4JfqLuvqAC7s,audio_features,spotify:track:5wMh9hhqKQ4JfqLuvqAC7s,0.17800000000000002,Hip-Hop
0.145,https://api.spotify.com/v1/audio-analysis/5DFUsGW4Cmltv8Spd0u1aV,0.0891,371747,0.341,5DFUsGW4Cmltv8Spd0u1aV,0.836,10,0.111,-12.681,0,0.046,85.23100000000001,3,https://api.spotify.com/v1/tracks/5DFUsGW4Cmltv8Spd0u1aV,audio_features,spotify:track:5DFUsGW4Cmltv8Spd0u1aV,0.0334,Classical
0.0038799999999999998,https://api.spotify.com/v1/audio-analysis/0F0MA0ns8oXwGw66B2BSXm,0.619,457133,0.703,0F0MA0ns8oXwGw66B2BSXm,0.205,10,0.163,-9.414,0,0.0525,115.04299999999999,4,https://api.spotify.com/v1/tracks/0F0MA0ns8oXwGw66B2BSXm,audio_features,spotify:track:0F0MA0ns8oXwGw66B2BSXm,0.7090000000000001,Rock
0.385,https://api.spotify.com/v1/audio-analysis/2K2M0TcglCRLLpFOzKeFZA,0.6829999999999999,250400,0.594,2K2M0TcglCRLLpFOzKeFZA,8.609999999999999e-05,2,0.121,-8.289,1,0.0347,115.09899999999999,4,https://api.spotify.com/v1/tracks/2K2M0TcglCRLLpFOzKeFZA,audio_features,spotify:track:2K2M0TcglCRLLpFOzKeFZA,0.7340000000000001,Rock
0.26899999999999996,https://api.spotify.com/v1/audio-analysis/07KXEDMj78x68D884wgVEm,0.831,220487,0.499,07KXEDMj78x68D884wgVEm,0.0,11,0.3,-8.442,0,0.114,97.956,4,https://api.spotify.com/v1/tracks/07KXEDMj78x68D884wgVEm,audio_features,spotify:track:07KXEDMj78x68D884wgVEm,0.511,Hip-Hop
0.359,https://api.spotify.com/v1/audio-analysis/3PdcxgzpWzAsUGgkmykIFc,0.8390000000000001,157500,0.45399999999999996,3PdcxgzpWzAsUGgkmykIFc,0.0,10,0.0755,-9.09,0,0.157,159.987,4,https://api.spotify.com/v1/tracks/3PdcxgzpWzAsUGgkmykIFc,audio_features,spotify:track:3PdcxgzpWzAsUGgkmykIFc,0.804,Hip-Hop
0.013000000000000001,https://api.spotify.com/v1/audio-analysis/78lgmZwycJ3nzsdgmPPGNx,0.564,146250,0.932,78lgmZwycJ3nzsdgmPPGNx,0.16899999999999998,11,0.349,-10.068,1,0.0554,112.93700000000001,4,https://api.spotify.com/v1/tracks/78lgmZwycJ3nzsdgmPPGNx,audio_features,spotify:track:78lgmZwycJ3nzsdgmPPGNx,0.619,Rock
0.977,https://api.spotify.com/v1/audio-analysis/4fDodwdZ1LBDL2I2WCnUMY,0.45799999999999996,84267,0.11,4fDodwdZ1LBDL2I2WCnUMY,0.903,9,0.359,-22.234,0,0.0309,83.43,4,https://api.spotify.com/v1/tracks/4fDodwdZ1LBDL2I2WCnUMY,audio_features,spotify:track:4fDodwdZ1LBDL2I2WCnUMY,0.48100000000000004,Classical
0.9940000000000001,https://api.spotify.com/v1/audio-analysis/68Faz6Nc9UnWuOz1oC2DEv,0.413,372347,0.135,68Faz6Nc9UnWuOz1oC2DEv,0.902,2,0.0823,-23.276999999999997,1,0.0436,145.80200000000002,3,https://api.spotify.com/v1/tracks/68Faz6Nc9UnWuOz1oC2DEv,audio_features,spotify:track:68Faz6Nc9UnWuOz1oC2DEv,0.0715,Classical
0.365,https://api.spotify.com/v1/audio-analysis/371VkfwKiXJxgH5ZPoQNHD,0.596,264504,0.44799999999999995,371VkfwKiXJxgH5ZPoQNHD,5.3e-06,5,0.20600000000000002,-9.616,1,0.0396,83.29299999999999,4,https://api.spotify.com/v1/tracks/371VkfwKiXJxgH5ZPoQNHD,audio_features,spotify:track:371VkfwKiXJxgH5ZPoQNHD,0.7959999999999999,Rock
0.935,https://api.spotify.com/v1/audio-analysis/58Q96yWnuBqlKEGd2vGyAg,0.24,423107,0.0648,58Q96yWnuBqlKEGd2vGyAg,0.0272,4,0.258,-25.208000000000002,0,0.0426,95.286,3,https://api.spotify.com/v1/tracks/58Q96yWnuBqlKEGd2vGyAg,audio_features,spotify:track:58Q96yWnuBqlKEGd2vGyAg,0.0771,Classical
0.9570000000000001,https://api.spotify.com/v1/audio-analysis/6cUCckpdlqHJ5Ascf2uH2A,0.248,442000,0.298,6cUCckpdlqHJ5Ascf2uH2A,0.9,0,0.0943,-15.661,0,0.0395,97.853,4,https://api.spotify.com/v1/tracks/6cUCckpdlqHJ5Ascf2uH2A,audio_features,spotify:track:6cUCckpdlqHJ5Ascf2uH2A,0.157,Classical
0.991,https://api.spotify.com/v1/audio-analysis/5Zf5prtvv7KRQ1J6kNn4C6,0.191,330293,0.0363,5Zf5prtvv7KRQ1J6kNn4C6,0.924,3,0.141,-25.31,1,0.0409,69.75399999999999,4,https://api.spotify.com/v1/tracks/5Zf5prtvv7KRQ1J6kNn4C6,audio_features,spotify:track:5Zf5prtvv7KRQ1J6kNn4C6,0.0372,Classical
0.0846,https://api.spotify.com/v1/audio-analysis/2HXixVqzzm9rEUIMAWzshl,0.611,246800,0.883,2HXixVqzzm9rEUIMAWzshl,1.2e-06,9,0.192,-11.225,1,0.0539,117.928,4,https://api.spotify.com/v1/tracks/2HXixVqzzm9rEUIMAWzshl,audio_features,spotify:track:2HXixVqzzm9rEUIMAWzshl,0.604,Rock
0.938,https://api.spotify.com/v1/audio-analysis/0oIQl9tFpCiKBRavEIIGzo,0.16399999999999998,233400,0.0194,0oIQl9tFpCiKBRavEIIGzo,0.8590000000000001,3,0.0939,-34.126,1,0.0434,101.708,3,https://api.spotify.com/v1/tracks/0oIQl9tFpCiKBRavEIIGzo,audio_features,spotify:track:0oIQl9tFpCiKBRavEIIGzo,0.0581,Classical
0.9009999999999999,https://api.spotify.com/v1/audio-analysis/5CfxpBCYwfB17MMgARumHl,0.0754,462162,0.0102,5CfxpBCYwfB17MMgARumHl,0.106,4,0.0817,-35.69,1,0.0464,81.324,4,https://api.spotify.com/v1/tracks/5CfxpBCYwfB17MMgARumHl,audio_features,spotify:track:5CfxpBCYwfB17MMgARumHl,0.0331,Classical
0.00101,https://api.spotify.com/v1/audio-analysis/66lOpKgTyFjOrac4S1s94g,0.6759999999999999,269360,0.92,66lOpKgTyFjOrac4S1s94g,8.65e-06,9,0.248,-7.96,1,0.0435,126.34100000000001,4,https://api.spotify.com/v1/tracks/66lOpKgTyFjOrac4S1s94g,audio_features,spotify:track:66lOpKgTyFjOrac4S1s94g,0.624,Rock
0.9590000000000001,https://api.spotify.com/v1/audio-analysis/2ceu417OdiSxzR3K7B1n2M,0.22399999999999998,1215573,0.0291,2ceu417OdiSxzR3K7B1n2M,0.845,7,0.106,-26.166999999999998,1,0.0455,121.131,4,https://api.spotify.com/v1/tracks/2ceu417OdiSxzR3K7B1n2M,audio_features,spotify:track:2ceu417OdiSxzR3K7B1n2M,0.0538,Classical
0.946,https://api.spotify.com/v1/audio-analysis/2TZbQZXOuR8osP2AK8yYMN,0.14400000000000002,207427,0.132,2TZbQZXOuR8osP2AK8yYMN,0.779,10,0.115,-19.115,1,0.0333,102.28299999999999,3,https://api.spotify.com/v1/tracks/2TZbQZXOuR8osP2AK8yYMN,audio_features,spotify:track:2TZbQZXOuR8osP2AK8yYMN,0.0627,Classical
0.259,https://api.spotify.com/v1/audio-analysis/2IRZnDFmlqMuOrYOLnZZyc,0.889,180522,0.496,2IRZnDFmlqMuOrYOLnZZyc,0.0,4,0.252,-6.365,0,0.0905,86.00299999999999,4,https://api.spotify.com/v1/tracks/2IRZnDFmlqMuOrYOLnZZyc,audio_features,spotify:track:2IRZnDFmlqMuOrYOLnZZyc,0.544,Hip-Hop
0.0995,https://api.spotify.com/v1/audio-analysis/1oG2vWELiGjIqxwqGcyqwF,0.5670000000000001,133933,0.9590000000000001,1oG2vWELiGjIqxwqGcyqwF,6.07e-05,8,0.1,-3.822,1,0.102,137.377,4,https://api.spotify.com/v1/tracks/1oG2vWELiGjIqxwqGcyqwF,audio_features,spotify:track:1oG2vWELiGjIqxwqGcyqwF,0.961,Rock
0.978,https://api.spotify.com/v1/audio-analysis/3pzBD8BVdrv7VJ7glRYshl,0.364,275467,0.0592,3pzBD8BVdrv7VJ7glRYshl,0.0,2,0.0823,-21.756999999999998,1,0.057,123.789,4,https://api.spotify.com/v1/tracks/3pzBD8BVdrv7VJ7glRYshl,audio_features,spotify:track:3pzBD8BVdrv7VJ7glRYshl,0.185,Classical
0.43200000000000005,https://api.spotify.com/v1/audio-analysis/3gdewACMIVMEWVbyb8O9sY,0.601,281613,0.532,3gdewACMIVMEWVbyb8O9sY,6.25e-06,10,0.0925,-9.119,1,0.0286,136.571,4,https://api.spotify.com/v1/tracks/3gdewACMIVMEWVbyb8O9sY,audio_features,spotify:track:3gdewACMIVMEWVbyb8O9sY,0.341,Rock
0.0866,https://api.spotify.com/v1/audio-analysis/7o2CTH4ctstm8TNelqjb51,0.45399999999999996,354520,0.91,7o2CTH4ctstm8TNelqjb51,0.0996,6,0.11599999999999999,-7.766,1,0.0448,125.116,4,https://api.spotify.com/v1/tracks/7o2CTH4ctstm8TNelqjb51,audio_features,spotify:track:7o2CTH4ctstm8TNelqjb51,0.629,Rock
0.0322,https://api.spotify.com/v1/audio-analysis/2R6boTPovvOB6wXd2b2o6q,0.705,167742,0.518,2R6boTPovvOB6wXd2b2o6q,0.0,7,0.0829,-8.71,1,0.354,92.617,4,https://api.spotify.com/v1/tracks/2R6boTPovvOB6wXd2b2o6q,audio_features,spotify:track:2R6boTPovvOB6wXd2b2o6q,0.467,Hip-Hop
0.369,https://api.spotify.com/v1/audio-analysis/5uvosCdMlFdTXhoazkTI5R,0.413,429760,0.725,5uvosCdMlFdTXhoazkTI5R,2.1600000000000003e-05,3,0.0905,-5.787000000000001,0,0.0324,124.618,4,https://api.spotify.com/v1/tracks/5uvosCdMlFdTXhoazkTI5R,audio_features,spotify:track:5uvosCdMlFdTXhoazkTI5R,0.44,Rock
0.0629,https://api.spotify.com/v1/audio-analysis/2X6gdRlGOQgfaXU9ALUQFQ,0.546,271000,0.529,2X6gdRlGOQgfaXU9ALUQFQ,0.000567,9,0.0383,-13.6,1,0.0436,151.727,4,https://api.spotify.com/v1/tracks/2X6gdRlGOQgfaXU9ALUQFQ,audio_features,spotify:track:2X6gdRlGOQgfaXU9ALUQFQ,0.574,Rock
0.348,https://api.spotify.com/v1/audio-analysis/60ArvWGwXQY50r83JXyxRq,0.866,161280,0.565,60ArvWGwXQY50r83JXyxRq,0.0,6,0.0722,-8.738999999999999,0,0.20800000000000002,124.98299999999999,4,https://api.spotify.com/v1/tracks/60ArvWGwXQY50r83JXyxRq,audio_features,spotify:track:60ArvWGwXQY50r83JXyxRq,0.88,Hip-Hop
0.922,https://api.spotify.com/v1/audio-analysis/4Dcm4KMuDz0l01weeSpD4J,0.292,642573,0.24600000000000002,4Dcm4KMuDz0l01weeSpD4J,0.525,2,0.107,-14.96,1,0.0385,109.766,4,https://api.spotify.com/v1/tracks/4Dcm4KMuDz0l01weeSpD4J,audio_features,spotify:track:4Dcm4KMuDz0l01weeSpD4J,0.0859,Classical
0.078,https://api.spotify.com/v1/audio-analysis/2LUN1JH7TyTvT3976R3Frs,0.733,133667,0.494,2LUN1JH7TyTvT3976R3Frs,0.0,11,0.0979,-10.545,0,0.418,167.30200000000002,4,https://api.spotify.com/v1/tracks/2LUN1JH7TyTvT3976R3Frs,audio_features,spotify:track:2LUN1JH7TyTvT3976R3Frs,0.495,Hip-Hop
0.0209,https://api.spotify.com/v1/audio-analysis/2yM7C9gD9zi6zjaLsRibi8,0.893,150361,0.713,2yM7C9gD9zi6zjaLsRibi8,0.0,6,0.102,-8.652999999999999,0,0.131,83.006,4,https://api.spotify.com/v1/tracks/2yM7C9gD9zi6zjaLsRibi8,audio_features,spotify:track:2yM7C9gD9zi6zjaLsRibi8,0.519,Hip-Hop
0.127,https://api.spotify.com/v1/audio-analysis/4bHsxqR3GMrXTxEPLuK5ue,0.5,250987,0.748,4bHsxqR3GMrXTxEPLuK5ue,0.0,4,0.447,-9.072000000000001,1,0.0363,118.852,4,https://api.spotify.com/v1/tracks/4bHsxqR3GMrXTxEPLuK5ue,audio_features,spotify:track:4bHsxqR3GMrXTxEPLuK5ue,0.514,Rock
0.102,https://api.spotify.com/v1/audio-analysis/14X1WxiHXdVRJ99cMCBzOE,0.826,224916,0.635,14X1WxiHXdVRJ99cMCBzOE,0.0,5,0.245,-5.181,0,0.212,119.954,4,https://api.spotify.com/v1/tracks/14X1WxiHXdVRJ99cMCBzOE,audio_features,spotify:track:14X1WxiHXdVRJ99cMCBzOE,0.8079999999999999,Hip-Hop
0.016,https://api.spotify.com/v1/audio-analysis/5v4GgrXPMghOnBBLmveLac,0.8220000000000001,242001,0.743,5v4GgrXPMghOnBBLmveLac,0.0,10,0.127,-4.772,0,0.28,84.459,4,https://api.spotify.com/v1/tracks/5v4GgrXPMghOnBBLmveLac,audio_features,spotify:track:5v4GgrXPMghOnBBLmveLac,0.636,Hip-Hop
0.687,https://api.spotify.com/v1/audio-analysis/52dm9op3rbfAkc1LGXgipW,0.43200000000000005,341773,0.389,52dm9op3rbfAkc1LGXgipW,0.0107,7,0.0788,-6.517,1,0.0255,139.506,4,https://api.spotify.com/v1/tracks/52dm9op3rbfAkc1LGXgipW,audio_features,spotify:track:52dm9op3rbfAkc1LGXgipW,0.158,Rock
0.93,https://api.spotify.com/v1/audio-analysis/0k6P9cdEA9K3k0ASde2Kof,0.253,640267,0.098,0k6P9cdEA9K3k0ASde2Kof,0.862,11,0.122,-19.878,0,0.0437,84.865,4,https://api.spotify.com/v1/tracks/0k6P9cdEA9K3k0ASde2Kof,audio_features,spotify:track:0k6P9cdEA9K3k0ASde2Kof,0.062,Classical
0.6859999999999999,https://api.spotify.com/v1/audio-analysis/54eZmuggBFJbV7k248bTTt,0.654,252240,0.506,54eZmuggBFJbV7k248bTTt,0.0155,11,0.155,-17.18,0,0.0535,123.179,4,https://api.spotify.com/v1/tracks/54eZmuggBFJbV7k248bTTt,audio_features,spotify:track:54eZmuggBFJbV7k248bTTt,0.831,Rock
0.0468,https://api.spotify.com/v1/audio-analysis/6KTv0Z8BmVqM7DPxbGzpVC,0.654,168840,0.929,6KTv0Z8BmVqM7DPxbGzpVC,0.0,1,0.0539,-5.906000000000001,1,0.0998,144.774,4,https://api.spotify.com/v1/tracks/6KTv0Z8BmVqM7DPxbGzpVC,audio_features,spotify:track:6KTv0Z8BmVqM7DPxbGzpVC,0.902,Rock
0.524,https://api.spotify.com/v1/audio-analysis/2aSFLiDPreOVP6KHiWk4lF,0.6629999999999999,236520,0.7120000000000001,2aSFLiDPreOVP6KHiWk4lF,0.0,2,0.0804,-7.268,1,0.0479,113.439,4,https://api.spotify.com/v1/tracks/2aSFLiDPreOVP6KHiWk4lF,audio_features,spotify:track:2aSFLiDPreOVP6KHiWk4lF,0.527,Rock
0.132,https://api.spotify.com/v1/audio-analysis/2ZrhW7PEPmTiolg0jZVgDl,0.823,161437,0.499,2ZrhW7PEPmTiolg0jZVgDl,0.0,10,0.193,-11.01,0,0.209,131.013,4,https://api.spotify.com/v1/tracks/2ZrhW7PEPmTiolg0jZVgDl,audio_features,spotify:track:2ZrhW7PEPmTiolg0jZVgDl,0.604,Hip-Hop
0.00249,https://api.spotify.com/v1/audio-analysis/70YvYr2hGlS01bKRIho1HM,0.545,230480,0.64,70YvYr2hGlS01bKRIho1HM,0.0304,4,0.196,-9.937000000000001,0,0.22399999999999998,80.544,4,https://api.spotify.com/v1/tracks/70YvYr2hGlS01bKRIho1HM,audio_features,spotify:track:70YvYr2hGlS01bKRIho1HM,0.606,Rock
0.0279,https://api.spotify.com/v1/audio-analysis/0IWMyG4pdKeSHZo8Euhfea,0.851,177255,0.518,0IWMyG4pdKeSHZo8Euhfea,0.0,7,0.115,-9.422,0,0.107,129.94299999999998,4,https://api.spotify.com/v1/tracks/0IWMyG4pdKeSHZo8Euhfea,audio_features,spotify:track:0IWMyG4pdKeSHZo8Euhfea,0.46799999999999997,Hip-Hop
0.679,https://api.spotify.com/v1/audio-analysis/54flyrjcdnQdco7300avMJ,0.693,122067,0.49700000000000005,54flyrjcdnQdco7300avMJ,0.0,2,0.258,-7.316,1,0.11900000000000001,81.308,4,https://api.spotify.com/v1/tracks/54flyrjcdnQdco7300avMJ,audio_features,spotify:track:54flyrjcdnQdco7300avMJ,0.473,Rock
0.18100000000000002,https://api.spotify.com/v1/audio-analysis/4CJVkjo5WpmUAKp3R44LNb,0.597,281147,0.605,4CJVkjo5WpmUAKp3R44LNb,0.000331,7,0.11800000000000001,-12.013,1,0.0255,97.78200000000001,4,https://api.spotify.com/v1/tracks/4CJVkjo5WpmUAKp3R44LNb,audio_features,spotify:track:4CJVkjo5WpmUAKp3R44LNb,0.8859999999999999,Rock
0.149,https://api.spotify.com/v1/audio-analysis/3JKgcAa7r07ocVWcV8bS0H,0.7829999999999999,163798,0.479,3JKgcAa7r07ocVWcV8bS0H,0.0,7,0.10099999999999999,-10.645999999999999,1,0.541,176.02700000000002,4,https://api.spotify.com/v1/tracks/3JKgcAa7r07ocVWcV8bS0H,audio_features,spotify:track:3JKgcAa7r07ocVWcV8bS0H,0.5329999999999999,Hip-Hop
0.9309999999999999,https://api.spotify.com/v1/audio-analysis/0qFZYO72iBOhW7X6KbL44Q,0.33899999999999997,167640,0.0937,0qFZYO72iBOhW7X6KbL44Q,0.293,2,0.252,-20.267,1,0.0394,123.04799999999999,3,https://api.spotify.com/v1/tracks/0qFZYO72iBOhW7X6KbL44Q,audio_features,spotify:track:0qFZYO72iBOhW7X6KbL44Q,0.45799999999999996,Classical
0.871,https://api.spotify.com/v1/audio-analysis/0XSRBlP49MgzBCYtGK2NYE,0.223,469053,0.22699999999999998,0XSRBlP49MgzBCYtGK2NYE,0.8909999999999999,0,0.063,-17.695,1,0.0343,103.618,4,https://api.spotify.com/v1/tracks/0XSRBlP49MgzBCYtGK2NYE,audio_features,spotify:track:0XSRBlP49MgzBCYtGK2NYE,0.127,Classical
0.00485,https://api.spotify.com/v1/audio-analysis/5N1o6d8zGcSZSeMFkOUQOk,0.872,199427,0.8140000000000001,5N1o6d8zGcSZSeMFkOUQOk,1.96e-06,0,0.214,-4.5680000000000005,1,0.155,98.985,4,https://api.spotify.com/v1/tracks/5N1o6d8zGcSZSeMFkOUQOk,audio_features,spotify:track:5N1o6d8zGcSZSeMFkOUQOk,0.57,Hip-Hop
0.0481,https://api.spotify.com/v1/audio-analysis/16P74BcksSSwjJqL2D7BGt,0.807,194290,0.546,16P74BcksSSwjJqL2D7BGt,0.0,1,0.109,-8.482999999999999,1,0.342,146.93,4,https://api.spotify.com/v1/tracks/16P74BcksSSwjJqL2D7BGt,audio_features,spotify:track:16P74BcksSSwjJqL2D7BGt,0.28800000000000003,Hip-Hop
0.408,https://api.spotify.com/v1/audio-analysis/4uGIJG1jYFonGc4LGp5uQL,0.504,174840,0.578,4uGIJG1jYFonGc4LGp5uQL,0.0,4,0.321,-9.302,1,0.031,132.411,4,https://api.spotify.com/v1/tracks/4uGIJG1jYFonGc4LGp5uQL,audio_features,spotify:track:4uGIJG1jYFonGc4LGp5uQL,0.654,Rock
0.128,https://api.spotify.com/v1/audio-analysis/2VujCKUrWKvV78kASoXM0n,0.8420000000000001,150361,0.424,2VujCKUrWKvV78kASoXM0n,0.00011,1,0.122,-11.189,1,0.39299999999999996,83.001,4,https://api.spotify.com/v1/tracks/2VujCKUrWKvV78kASoXM0n,audio_features,spotify:track:2VujCKUrWKvV78kASoXM0n,0.36200000000000004,Hip-Hop
0.0183,https://api.spotify.com/v1/audio-analysis/2f0P7iELCvAlV8j6Z3rGDE,0.484,503067,0.711,2f0P7iELCvAlV8j6Z3rGDE,0.17300000000000001,2,0.0941,-7.784,1,0.0331,148.189,4,https://api.spotify.com/v1/tracks/2f0P7iELCvAlV8j6Z3rGDE,audio_features,spotify:track:2f0P7iELCvAlV8j6Z3rGDE,0.49,Rock
0.302,https://api.spotify.com/v1/audio-analysis/1IqFh00G2kvvMm8pRMpehA,0.45299999999999996,271333,0.46399999999999997,1IqFh00G2kvvMm8pRMpehA,5.96e-05,2,0.152,-10.96,1,0.0431,93.19,4,https://api.spotify.com/v1/tracks/1IqFh00G2kvvMm8pRMpehA,audio_features,spotify:track:1IqFh00G2kvvMm8pRMpehA,0.6579999999999999,Rock
0.18899999999999997,https://api.spotify.com/v1/audio-analysis/0KYGBySvruhZpG4sc44UIf,0.754,218217,0.462,0KYGBySvruhZpG4sc44UIf,0.00242,9,0.0954,-7.724,0,0.179,176.00900000000001,4,https://api.spotify.com/v1/tracks/0KYGBySvruhZpG4sc44UIf,audio_features,spotify:track:0KYGBySvruhZpG4sc44UIf,0.385,Hip-Hop
0.975,https://api.spotify.com/v1/audio-analysis/2Z4aQJh0kesRMookvtfR4y,0.303,820853,0.11900000000000001,2Z4aQJh0kesRMookvtfR4y,0.88,9,0.11199999999999999,-18.055,0,0.0386,94.868,4,https://api.spotify.com/v1/tracks/2Z4aQJh0kesRMookvtfR4y,audio_features,spotify:track:2Z4aQJh0kesRMookvtfR4y,0.038,Classical
0.5770000000000001,https://api.spotify.com/v1/audio-analysis/3k9i7UzeSUYWIfUZFeFDUd,0.40399999999999997,423840,0.903,3k9i7UzeSUYWIfUZFeFDUd,0.297,1,0.287,-3.88,1,0.0668,115.67200000000001,4,https://api.spotify.com/v1/tracks/3k9i7UzeSUYWIfUZFeFDUd,audio_features,spotify:track:3k9i7UzeSUYWIfUZFeFDUd,0.498,Rock
0.0589,https://api.spotify.com/v1/audio-analysis/1HOMkjp0nHMaTnfAkslCQj,0.586,295400,0.7,1HOMkjp0nHMaTnfAkslCQj,0.00125,0,0.0318,-9.558,1,0.0363,147.245,4,https://api.spotify.com/v1/tracks/1HOMkjp0nHMaTnfAkslCQj,audio_features,spotify:track:1HOMkjp0nHMaTnfAkslCQj,0.897,Rock
0.902,https://api.spotify.com/v1/audio-analysis/2kAgCRZPG3YQR2VMqRvLmb,0.0811,935360,0.0122,2kAgCRZPG3YQR2VMqRvLmb,0.308,4,0.0648,-32.654,0,0.0511,74.554,4,https://api.spotify.com/v1/tracks/2kAgCRZPG3YQR2VMqRvLmb,audio_features,spotify:track:2kAgCRZPG3YQR2VMqRvLmb,0.0384,Classical
0.9890000000000001,https://api.spotify.com/v1/audio-analysis/4SFBV7SRNG2e2kyL1F6kjU,0.221,139307,0.126,4SFBV7SRNG2e2kyL1F6kjU,0.897,0,0.102,-25.427,1,0.0447,133.63,4,https://api.spotify.com/v1/tracks/4SFBV7SRNG2e2kyL1F6kjU,audio_features,spotify:track:4SFBV7SRNG2e2kyL1F6kjU,0.21600000000000003,Classical
0.0188,https://api.spotify.com/v1/audio-analysis/2ap9kKsIEiWa4bzsjqACEx,0.861,153478,0.58,2ap9kKsIEiWa4bzsjqACEx,2.22e-06,8,0.0767,-7.07,0,0.33799999999999997,157.875,4,https://api.spotify.com/v1/tracks/2ap9kKsIEiWa4bzsjqACEx,audio_features,spotify:track:2ap9kKsIEiWa4bzsjqACEx,0.805,Hip-Hop
0.25,https://api.spotify.com/v1/audio-analysis/14XWXWv5FoCbFzLksawpEe,0.5489999999999999,434720,0.722,14XWXWv5FoCbFzLksawpEe,0.0138,11,0.11,-11.729000000000001,0,0.0283,103.885,4,https://api.spotify.com/v1/tracks/14XWXWv5FoCbFzLksawpEe,audio_features,spotify:track:14XWXWv5FoCbFzLksawpEe,0.716,Rock
0.0008939999999999999,https://api.spotify.com/v1/audio-analysis/32kgOw8wejH7zUhtXCM8DH,0.377,285133,0.682,32kgOw8wejH7zUhtXCM8DH,0.00217,7,0.0504,-8.039,1,0.0299,108.736,4,https://api.spotify.com/v1/tracks/32kgOw8wejH7zUhtXCM8DH,audio_features,spotify:track:32kgOw8wejH7zUhtXCM8DH,0.28800000000000003,Rock
0.981,https://api.spotify.com/v1/audio-analysis/0QTaXZRWdzfPdssiQThdCL,0.312,766213,0.0465,0QTaXZRWdzfPdssiQThdCL,0.9,9,0.0872,-26.438000000000002,0,0.0378,130.303,3,https://api.spotify.com/v1/tracks/0QTaXZRWdzfPdssiQThdCL,audio_features,spotify:track:0QTaXZRWdzfPdssiQThdCL,0.0371,Classical
0.807,https://api.spotify.com/v1/audio-analysis/2nVt0n0aSj3AwZjakMvDHX,0.165,592040,0.106,2nVt0n0aSj3AwZjakMvDHX,0.782,8,0.105,-21.741999999999997,1,0.039,105.65100000000001,3,https://api.spotify.com/v1/tracks/2nVt0n0aSj3AwZjakMvDHX,audio_features,spotify:track:2nVt0n0aSj3AwZjakMvDHX,0.0336,Classical
0.9940000000000001,https://api.spotify.com/v1/audio-analysis/1ENZ1YHuOp5MMFJlWBQ6V7,0.31,140040,0.0555,1ENZ1YHuOp5MMFJlWBQ6V7,0.9059999999999999,7,0.121,-25.695,1,0.0395,70.515,4,https://api.spotify.com/v1/tracks/1ENZ1YHuOp5MMFJlWBQ6V7,audio_features,spotify:track:1ENZ1YHuOp5MMFJlWBQ6V7,0.5660000000000001,Classical
0.0016899999999999999,https://api.spotify.com/v1/audio-analysis/7GonnnalI2s19OCQO1J7Tf,0.361,282920,0.97,7GonnnalI2s19OCQO1J7Tf,0.0016300000000000002,7,0.35700000000000004,-4.817,0,0.284,179.017,4,https://api.spotify.com/v1/tracks/7GonnnalI2s19OCQO1J7Tf,audio_features,spotify:track:7GonnnalI2s19OCQO1J7Tf,0.254,Rock
0.111,https://api.spotify.com/v1/audio-analysis/6HtU4LvAxha0O78sj6SQsZ,0.815,148613,0.706,6HtU4LvAxha0O78sj6SQsZ,0.0,10,0.114,-4.672,0,0.321,78.013,4,https://api.spotify.com/v1/tracks/6HtU4LvAxha0O78sj6SQsZ,audio_features,spotify:track:6HtU4LvAxha0O78sj6SQsZ,0.583,Hip-Hop
0.07200000000000001,https://api.spotify.com/v1/audio-analysis/4uu7gKd1PffC7QEMcMk0Ro,0.76,168653,0.615,4uu7gKd1PffC7QEMcMk0Ro,0.0,5,0.0571,-9.36,0,0.33,148.014,4,https://api.spotify.com/v1/tracks/4uu7gKd1PffC7QEMcMk0Ro,audio_features,spotify:track:4uu7gKd1PffC7QEMcMk0Ro,0.35100000000000003,Hip-Hop
0.147,https://api.spotify.com/v1/audio-analysis/0qJeyYAgv6UpvewUxRXAhb,0.8740000000000001,235988,0.44299999999999995,0qJeyYAgv6UpvewUxRXAhb,0.0,5,0.124,-9.628,0,0.24100000000000002,118.00399999999999,4,https://api.spotify.com/v1/tracks/0qJeyYAgv6UpvewUxRXAhb,audio_features,spotify:track:0qJeyYAgv6UpvewUxRXAhb,0.298,Hip-Hop
0.0986,https://api.spotify.com/v1/audio-analysis/1ZFrJJeOHNhnPZb1UxRhdE,0.8490000000000001,178747,0.602,1ZFrJJeOHNhnPZb1UxRhdE,0.0,10,0.141,-9.054,0,0.36200000000000004,86.009,4,https://api.spotify.com/v1/tracks/1ZFrJJeOHNhnPZb1UxRhdE,audio_features,spotify:track:1ZFrJJeOHNhnPZb1UxRhdE,0.318,Hip-Hop
0.976,https://api.spotify.com/v1/audio-analysis/1Xy6MHSaX3IUGGqst6RzYM,0.212,1252322,0.11900000000000001,1Xy6MHSaX3IUGGqst6RzYM,0.907,1,0.087,-20.511,1,0.0366,84.346,3,https://api.spotify.com/v1/tracks/1Xy6MHSaX3IUGGqst6RzYM,audio_features,spotify:track:1Xy6MHSaX3IUGGqst6RzYM,0.0396,Classical
0.11599999999999999,https://api.spotify.com/v1/audio-analysis/4cMHCRLPNoEbpnl2rz6GS9,0.598,231120,0.9009999999999999,4cMHCRLPNoEbpnl2rz6GS9,0.0401,2,0.17800000000000002,-6.081,1,0.0359,153.24,4,https://api.spotify.com/v1/tracks/4cMHCRLPNoEbpnl2rz6GS9,audio_features,spotify:track:4cMHCRLPNoEbpnl2rz6GS9,0.8140000000000001,Rock
0.986,https://api.spotify.com/v1/audio-analysis/0jOnZhF75V68VsBObWx2XO,0.16899999999999998,174267,0.0161,0jOnZhF75V68VsBObWx2XO,0.86,9,0.0805,-31.034000000000002,0,0.0442,128.143,3,https://api.spotify.com/v1/tracks/0jOnZhF75V68VsBObWx2XO,audio_features,spotify:track:0jOnZhF75V68VsBObWx2XO,0.0573,Classical
0.466,https://api.spotify.com/v1/audio-analysis/7psHLd820OBsWP8XYyYJPS,0.8440000000000001,194892,0.578,7psHLd820OBsWP8XYyYJPS,1.18e-06,7,0.11800000000000001,-7.4239999999999995,1,0.10300000000000001,133.004,4,https://api.spotify.com/v1/tracks/7psHLd820OBsWP8XYyYJPS,audio_features,spotify:track:7psHLd820OBsWP8XYyYJPS,0.737,Hip-Hop
0.9009999999999999,https://api.spotify.com/v1/audio-analysis/52GmHO5DikTIKc3yBmTTT1,0.1,906000,0.0354,52GmHO5DikTIKc3yBmTTT1,0.865,11,0.125,-17.211,0,0.0387,73.968,4,https://api.spotify.com/v1/tracks/52GmHO5DikTIKc3yBmTTT1,audio_features,spotify:track:52GmHO5DikTIKc3yBmTTT1,0.0426,Classical
0.212,https://api.spotify.com/v1/audio-analysis/5tVA6TkbaAH9QMITTQRrNv,0.623,256000,0.449,5tVA6TkbaAH9QMITTQRrNv,0.0,5,0.0613,-13.333,1,0.0253,84.383,4,https://api.spotify.com/v1/tracks/5tVA6TkbaAH9QMITTQRrNv,audio_features,spotify:track:5tVA6TkbaAH9QMITTQRrNv,0.5720000000000001,Rock
0.392,https://api.spotify.com/v1/audio-analysis/4sha5pAh3wA2NX9bGulFat,0.555,136960,0.573,4sha5pAh3wA2NX9bGulFat,0.0,6,0.109,-7.212000000000001,0,0.435,173.003,4,https://api.spotify.com/v1/tracks/4sha5pAh3wA2NX9bGulFat,audio_features,spotify:track:4sha5pAh3wA2NX9bGulFat,0.429,Hip-Hop
0.401,https://api.spotify.com/v1/audio-analysis/3QUkCbniAfc2jcF0SLTx6v,0.809,192052,0.47700000000000004,3QUkCbniAfc2jcF0SLTx6v,0.0,0,0.0632,-8.797,1,0.139,130.017,4,https://api.spotify.com/v1/tracks/3QUkCbniAfc2jcF0SLTx6v,audio_features,spotify:track:3QUkCbniAfc2jcF0SLTx6v,0.626,Hip-Hop
0.9940000000000001,https://api.spotify.com/v1/audio-analysis/43bSKCMWHIuBsUVmQcDX1J,0.29600000000000004,257000,0.00896,43bSKCMWHIuBsUVmQcDX1J,0.91,7,0.0815,-31.948,0,0.0394,69.44,3,https://api.spotify.com/v1/tracks/43bSKCMWHIuBsUVmQcDX1J,audio_features,spotify:track:43bSKCMWHIuBsUVmQcDX1J,0.0673,Classical
0.00298,https://api.spotify.com/v1/audio-analysis/24NwBd5vZ2CK8VOQVnqdxr,0.38,274133,0.76,24NwBd5vZ2CK8VOQVnqdxr,0.0294,9,0.10400000000000001,-10.960999999999999,1,0.0378,99.43700000000001,4,https://api.spotify.com/v1/tracks/24NwBd5vZ2CK8VOQVnqdxr,audio_features,spotify:track:24NwBd5vZ2CK8VOQVnqdxr,0.491,Rock
0.5329999999999999,https://api.spotify.com/v1/audio-analysis/1eIsyfDHoEbemSnQFsgyAv,0.752,147673,0.375,1eIsyfDHoEbemSnQFsgyAv,0.0,6,0.175,-10.157,0,0.204,129.995,4,https://api.spotify.com/v1/tracks/1eIsyfDHoEbemSnQFsgyAv,audio_features,spotify:track:1eIsyfDHoEbemSnQFsgyAv,0.591,Hip-Hop
0.9840000000000001,https://api.spotify.com/v1/audio-analysis/294IzNQIRp4soeVaQhows7,0.223,167160,0.165,294IzNQIRp4soeVaQhows7,0.95,10,0.348,-16.394000000000002,1,0.0504,73.46300000000001,5,https://api.spotify.com/v1/tracks/294IzNQIRp4soeVaQhows7,audio_features,spotify:track:294IzNQIRp4soeVaQhows7,0.0518,Classical
0.9359999999999999,https://api.spotify.com/v1/audio-analysis/6zcP5A5Xv6bvCUpwXrswKa,0.203,106960,0.11199999999999999,6zcP5A5Xv6bvCUpwXrswKa,0.935,11,0.126,-18.029,0,0.0418,72.483,4,https://api.spotify.com/v1/tracks/6zcP5A5Xv6bvCUpwXrswKa,audio_features,spotify:track:6zcP5A5Xv6bvCUpwXrswKa,0.0374,Classical
0.976,https://api.spotify.com/v1/audio-analysis/0yzhOPf0iw2qWwcXRRta5L,0.309,890000,0.258,0yzhOPf0iw2qWwcXRRta5L,0.69,9,0.0924,-15.327,1,0.0459,74.568,4,https://api.spotify.com/v1/tracks/0yzhOPf0iw2qWwcXRRta5L,audio_features,spotify:track:0yzhOPf0iw2qWwcXRRta5L,0.115,Classical
0.26,https://api.spotify.com/v1/audio-analysis/6WS1TdbkIRnUJpMqUIBTYb,0.8540000000000001,204000,0.622,6WS1TdbkIRnUJpMqUIBTYb,0.00040599999999999995,4,0.11699999999999999,-7.398,0,0.107,99.98200000000001,4,https://api.spotify.com/v1/tracks/6WS1TdbkIRnUJpMqUIBTYb,audio_features,spotify:track:6WS1TdbkIRnUJpMqUIBTYb,0.321,Hip-Hop
0.079,https://api.spotify.com/v1/audio-analysis/39shmbIHICJ2Wxnk1fPSdz,0.742,188987,0.833,39shmbIHICJ2Wxnk1fPSdz,0.0,2,0.384,-6.462999999999999,1,0.115,113.375,4,https://api.spotify.com/v1/tracks/39shmbIHICJ2Wxnk1fPSdz,audio_features,spotify:track:39shmbIHICJ2Wxnk1fPSdz,0.816,Rock
0.171,https://api.spotify.com/v1/audio-analysis/7N3PAbqfTjSEU1edb2tY8j,0.5720000000000001,241600,0.835,7N3PAbqfTjSEU1edb2tY8j,0.000376,0,0.0702,-6.218999999999999,1,0.0317,129.994,4,https://api.spotify.com/v1/tracks/7N3PAbqfTjSEU1edb2tY8j,audio_features,spotify:track:7N3PAbqfTjSEU1edb2tY8j,0.7959999999999999,Rock
0.0631,https://api.spotify.com/v1/audio-analysis/2MbdDtCv5LUVjYy9RuGTgC,0.904,227478,0.723,2MbdDtCv5LUVjYy9RuGTgC,0.0,11,0.185,-5.224,0,0.26,145.013,4,https://api.spotify.com/v1/tracks/2MbdDtCv5LUVjYy9RuGTgC,audio_features,spotify:track:2MbdDtCv5LUVjYy9RuGTgC,0.835,Hip-Hop
0.98,https://api.spotify.com/v1/audio-analysis/246ntJR3A2s7B5E40FTCLf,0.496,224640,0.249,246ntJR3A2s7B5E40FTCLf,0.934,3,0.12,-18.131,1,0.0411,144.239,4,https://api.spotify.com/v1/tracks/246ntJR3A2s7B5E40FTCLf,audio_features,spotify:track:246ntJR3A2s7B5E40FTCLf,0.7190000000000001,Classical
0.0383,https://api.spotify.com/v1/audio-analysis/2PzU4IB8Dr6mxV3lHuaG34,0.723,222813,0.863,2PzU4IB8Dr6mxV3lHuaG34,0.0317,2,0.128,-7.89,1,0.0338,136.30200000000002,4,https://api.spotify.com/v1/tracks/2PzU4IB8Dr6mxV3lHuaG34,audio_features,spotify:track:2PzU4IB8Dr6mxV3lHuaG34,0.9309999999999999,Rock
0.9179999999999999,https://api.spotify.com/v1/audio-analysis/7h6GoPvGHC9uzZJ8bNvfIq,0.0753,365147,0.07,7h6GoPvGHC9uzZJ8bNvfIq,0.9470000000000001,2,0.146,-27.272,1,0.044000000000000004,79.801,4,https://api.spotify.com/v1/tracks/7h6GoPvGHC9uzZJ8bNvfIq,audio_features,spotify:track:7h6GoPvGHC9uzZJ8bNvfIq,0.0625,Classical
0.14300000000000002,https://api.spotify.com/v1/audio-analysis/1dnsojUNfvhiztcITLzruj,0.836,194680,0.627,1dnsojUNfvhiztcITLzruj,0.0,6,0.0657,-4.377,0,0.19699999999999998,142.99,4,https://api.spotify.com/v1/tracks/1dnsojUNfvhiztcITLzruj,audio_features,spotify:track:1dnsojUNfvhiztcITLzruj,0.652,Hip-Hop
0.995,https://api.spotify.com/v1/audio-analysis/2Y95aUjHiOtgL8A6t52Ynl,0.244,442600,0.0021,2Y95aUjHiOtgL8A6t52Ynl,0.86,1,0.161,-41.044,0,0.0417,64.36399999999999,4,https://api.spotify.com/v1/tracks/2Y95aUjHiOtgL8A6t52Ynl,audio_features,spotify:track:2Y95aUjHiOtgL8A6t52Ynl,0.187,Classical
0.853,https://api.spotify.com/v1/audio-analysis/1DWZUa5Mzf2BwzpHtgbHPY,0.794,342040,0.32,1DWZUa5Mzf2BwzpHtgbHPY,0.134,1,0.11199999999999999,-12.92,0,0.17300000000000001,174.088,4,https://api.spotify.com/v1/tracks/1DWZUa5Mzf2BwzpHtgbHPY,audio_features,spotify:track:1DWZUa5Mzf2BwzpHtgbHPY,0.24100000000000002,Hip-Hop
0.8959999999999999,https://api.spotify.com/v1/audio-analysis/0cqcRqZgkNHanWQ8slYA0v,0.0783,583293,0.0523,0cqcRqZgkNHanWQ8slYA0v,0.945,5,0.0806,-23.247,1,0.0471,82.015,4,https://api.spotify.com/v1/tracks/0cqcRqZgkNHanWQ8slYA0v,audio_features,spotify:track:0cqcRqZgkNHanWQ8slYA0v,0.0327,Classical
0.981,https://api.spotify.com/v1/audio-analysis/1dFVnX4mJTnWubAPE8S3OR,0.35600000000000004,662600,0.152,1dFVnX4mJTnWubAPE8S3OR,0.903,4,0.0807,-20.155,1,0.0406,132.41299999999998,4,https://api.spotify.com/v1/tracks/1dFVnX4mJTnWubAPE8S3OR,audio_features,spotify:track:1dFVnX4mJTnWubAPE8S3OR,0.04,Classical
0.9059999999999999,https://api.spotify.com/v1/audio-analysis/4dGkPPLnIdVgogqpyaAjbc,0.322,425000,0.14,4dGkPPLnIdVgogqpyaAjbc,0.759,4,0.125,-20.747,1,0.0489,92.12200000000001,4,https://api.spotify.com/v1/tracks/4dGkPPLnIdVgogqpyaAjbc,audio_features,spotify:track:4dGkPPLnIdVgogqpyaAjbc,0.285,Classical
0.46299999999999997,https://api.spotify.com/v1/audio-analysis/1dv3ePjze9tPq2pk8eWJdR,0.63,270773,0.616,1dv3ePjze9tPq2pk8eWJdR,0.0408,1,0.17300000000000001,-8.128,0,0.0309,118.65,4,https://api.spotify.com/v1/tracks/1dv3ePjze9tPq2pk8eWJdR,audio_features,spotify:track:1dv3ePjze9tPq2pk8eWJdR,0.509,Rock
0.629,https://api.spotify.com/v1/audio-analysis/4wVOKKEHUJxHCFFNUWDn0B,0.735,220488,0.449,4wVOKKEHUJxHCFFNUWDn0B,0.0,10,0.113,-7.507000000000001,1,0.34700000000000003,122.947,4,https://api.spotify.com/v1/tracks/4wVOKKEHUJxHCFFNUWDn0B,audio_features,spotify:track:4wVOKKEHUJxHCFFNUWDn0B,0.0397,Hip-Hop
0.898,https://api.spotify.com/v1/audio-analysis/0pCHzhuRt6kOU3FUEG3HnC,0.371,442693,0.131,0pCHzhuRt6kOU3FUEG3HnC,0.925,2,0.0847,-23.899,1,0.0413,105.32799999999999,4,https://api.spotify.com/v1/tracks/0pCHzhuRt6kOU3FUEG3HnC,audio_features,spotify:track:0pCHzhuRt6kOU3FUEG3HnC,0.0655,Classical
0.9940000000000001,https://api.spotify.com/v1/audio-analysis/1Oo7XEqkrwifJn17aA0ocF,0.299,378733,0.00626,1Oo7XEqkrwifJn17aA0ocF,0.9009999999999999,9,0.0823,-30.923000000000002,1,0.0478,69.043,4,https://api.spotify.com/v1/tracks/1Oo7XEqkrwifJn17aA0ocF,audio_features,spotify:track:1Oo7XEqkrwifJn17aA0ocF,0.0634,Classical
0.993,https://api.spotify.com/v1/audio-analysis/3GecLjGMqzjmgkvy2v41Wf,0.341,357747,0.0142,3GecLjGMqzjmgkvy2v41Wf,0.9209999999999999,2,0.113,-28.293000000000003,1,0.0388,76.382,1,https://api.spotify.com/v1/tracks/3GecLjGMqzjmgkvy2v41Wf,audio_features,spotify:track:3GecLjGMqzjmgkvy2v41Wf,0.0384,Classical
0.00998,https://api.spotify.com/v1/audio-analysis/7GY3zgp2k4ZiRWpuDJn0hR,0.8009999999999999,202673,0.585,7GY3zgp2k4ZiRWpuDJn0hR,2.67e-06,6,0.11199999999999999,-7.287000000000001,0,0.0343,99.99600000000001,4,https://api.spotify.com/v1/tracks/7GY3zgp2k4ZiRWpuDJn0hR,audio_features,spotify:track:7GY3zgp2k4ZiRWpuDJn0hR,0.532,Hip-Hop
0.00969,https://api.spotify.com/v1/audio-analysis/1VTF2L9xSLpPs4qjLbYW2f,0.7190000000000001,148935,0.5920000000000001,1VTF2L9xSLpPs4qjLbYW2f,0.0,1,0.115,-6.372000000000001,0,0.0572,167.94299999999998,4,https://api.spotify.com/v1/tracks/1VTF2L9xSLpPs4qjLbYW2f,audio_features,spotify:track:1VTF2L9xSLpPs4qjLbYW2f,0.44,Hip-Hop
0.991,https://api.spotify.com/v1/audio-analysis/0S0YKiEdR9cT9pYgEaTevF,0.0623,415800,0.0116,0S0YKiEdR9cT9pYgEaTevF,0.445,2,0.0816,-27.893,1,0.0567,65.057,3,https://api.spotify.com/v1/tracks/0S0YKiEdR9cT9pYgEaTevF,audio_features,spotify:track:0S0YKiEdR9cT9pYgEaTevF,0.0331,Classical
0.153,https://api.spotify.com/v1/audio-analysis/7LRMbd3LEoV5wZJvXT1Lwb,0.754,214667,0.759,7LRMbd3LEoV5wZJvXT1Lwb,0.00010800000000000001,9,0.10099999999999999,-5.218,1,0.302,126.366,4,https://api.spotify.com/v1/tracks/7LRMbd3LEoV5wZJvXT1Lwb,audio_features,spotify:track:7LRMbd3LEoV5wZJvXT1Lwb,0.435,Rock
0.89,https://api.spotify.com/v1/audio-analysis/17i5jLpzndlQhbS4SrTd0B,0.275,152280,0.157,17i5jLpzndlQhbS4SrTd0B,0.8420000000000001,7,0.18600000000000003,-18.752,1,0.0636,73.289,4,https://api.spotify.com/v1/tracks/17i5jLpzndlQhbS4SrTd0B,audio_features,spotify:track:17i5jLpzndlQhbS4SrTd0B,0.304,Classical
0.8640000000000001,https://api.spotify.com/v1/audio-analysis/3uLsZpdHrJsR9AjrrxMI66,0.16899999999999998,473893,0.0974,3uLsZpdHrJsR9AjrrxMI66,0.632,3,0.087,-21.414,1,0.042,170.37900000000002,5,https://api.spotify.com/v1/tracks/3uLsZpdHrJsR9AjrrxMI66,audio_features,spotify:track:3uLsZpdHrJsR9AjrrxMI66,0.0524,Classical
0.889,https://api.spotify.com/v1/audio-analysis/1YiBEdXvyWL9rupB3Cg4IQ,0.39799999999999996,538800,0.373,1YiBEdXvyWL9rupB3Cg4IQ,0.193,1,0.121,-14.065,1,0.0524,106.68799999999999,4,https://api.spotify.com/v1/tracks/1YiBEdXvyWL9rupB3Cg4IQ,audio_features,spotify:track:1YiBEdXvyWL9rupB3Cg4IQ,0.61,Classical
0.0439,https://api.spotify.com/v1/audio-analysis/1Tfxi7N3DW4zvAuVjt9g8X,0.753,178217,0.502,1Tfxi7N3DW4zvAuVjt9g8X,1.54e-06,1,0.128,-6.879,1,0.264,205.895,4,https://api.spotify.com/v1/tracks/1Tfxi7N3DW4zvAuVjt9g8X,audio_features,spotify:track:1Tfxi7N3DW4zvAuVjt9g8X,0.349,Hip-Hop
0.221,https://api.spotify.com/v1/audio-analysis/7Ar4G7Ci11gpt6sfH9Cgz5,0.645,227267,0.598,7Ar4G7Ci11gpt6sfH9Cgz5,3.53e-06,1,0.0721,-13.18,0,0.0335,105.929,4,https://api.spotify.com/v1/tracks/7Ar4G7Ci11gpt6sfH9Cgz5,audio_features,spotify:track:7Ar4G7Ci11gpt6sfH9Cgz5,0.9129999999999999,Rock
0.0694,https://api.spotify.com/v1/audio-analysis/6XUHsYE38CEbYunT983O9G,0.531,248173,0.818,6XUHsYE38CEbYunT983O9G,0.0096,2,0.263,-5.358,1,0.0452,90.76700000000001,4,https://api.spotify.com/v1/tracks/6XUHsYE38CEbYunT983O9G,audio_features,spotify:track:6XUHsYE38CEbYunT983O9G,0.47100000000000003,Rock
0.978,https://api.spotify.com/v1/audio-analysis/76wXMaJVSr0nSsKsSdwAiu,0.166,473787,0.0363,76wXMaJVSr0nSsKsSdwAiu,0.922,11,0.0882,-26.822,1,0.0381,84.46700000000001,4,https://api.spotify.com/v1/tracks/76wXMaJVSr0nSsKsSdwAiu,audio_features,spotify:track:76wXMaJVSr0nSsKsSdwAiu,0.039,Classical
0.20199999999999999,https://api.spotify.com/v1/audio-analysis/6R6Qoh9bJJWbgnf2VXdKM8,0.799,81281,0.39,6R6Qoh9bJJWbgnf2VXdKM8,0.027999999999999997,8,0.188,-10.558,1,0.37799999999999995,154.86,4,https://api.spotify.com/v1/tracks/6R6Qoh9bJJWbgnf2VXdKM8,audio_features,spotify:track:6R6Qoh9bJJWbgnf2VXdKM8,0.423,Hip-Hop
0.307,https://api.spotify.com/v1/audio-analysis/024OTGJC31iJ0XjfOpdEJi,0.802,112000,0.441,024OTGJC31iJ0XjfOpdEJi,0.00259,10,0.1,-13.67,1,0.284,92.397,4,https://api.spotify.com/v1/tracks/024OTGJC31iJ0XjfOpdEJi,audio_features,spotify:track:024OTGJC31iJ0XjfOpdEJi,0.25,Hip-Hop
0.975,https://api.spotify.com/v1/audio-analysis/0dzl6bBvsIAfHLlTbBObTW,0.233,707173,0.0252,0dzl6bBvsIAfHLlTbBObTW,0.604,2,0.14300000000000002,-24.824,1,0.0346,94.736,4,https://api.spotify.com/v1/tracks/0dzl6bBvsIAfHLlTbBObTW,audio_features,spotify:track:0dzl6bBvsIAfHLlTbBObTW,0.0936,Classical
0.231,https://api.spotify.com/v1/audio-analysis/67LB1vZuG114LqRN8h8bQ2,0.838,143825,0.609,67LB1vZuG114LqRN8h8bQ2,0.0,8,0.0983,-5.1610000000000005,0,0.0502,127.963,4,https://api.spotify.com/v1/tracks/67LB1vZuG114LqRN8h8bQ2,audio_features,spotify:track:67LB1vZuG114LqRN8h8bQ2,0.6,Hip-Hop
0.899,https://api.spotify.com/v1/audio-analysis/4wudbbceOZKjRlhTtbHvAs,0.17600000000000002,636000,0.006,4wudbbceOZKjRlhTtbHvAs,3.24e-05,5,0.105,-42.238,1,0.0384,71.477,3,https://api.spotify.com/v1/tracks/4wudbbceOZKjRlhTtbHvAs,audio_features,spotify:track:4wudbbceOZKjRlhTtbHvAs,0.0383,Classical
0.41100000000000003,https://api.spotify.com/v1/audio-analysis/5UwbnHhjnbinJH8TefuQfN,0.757,199200,0.868,5UwbnHhjnbinJH8TefuQfN,0.00221,9,0.355,-9.326,1,0.062,138.923,4,https://api.spotify.com/v1/tracks/5UwbnHhjnbinJH8TefuQfN,audio_features,spotify:track:5UwbnHhjnbinJH8TefuQfN,0.815,Rock
0.851,https://api.spotify.com/v1/audio-analysis/2dEbRirkEtImY7HdYxrgRS,0.0716,349760,0.0408,2dEbRirkEtImY7HdYxrgRS,0.9009999999999999,7,0.0844,-28.284000000000002,1,0.0399,77.047,4,https://api.spotify.com/v1/tracks/2dEbRirkEtImY7HdYxrgRS,audio_features,spotify:track:2dEbRirkEtImY7HdYxrgRS,0.0377,Classical
0.797,https://api.spotify.com/v1/audio-analysis/2OHnoGjn6X6kDwzO7Rw0Y9,0.35100000000000003,577440,0.20600000000000002,2OHnoGjn6X6kDwzO7Rw0Y9,0.255,1,0.0738,-22.656999999999996,1,0.0597,130.415,4,https://api.spotify.com/v1/tracks/2OHnoGjn6X6kDwzO7Rw0Y9,audio_features,spotify:track:2OHnoGjn6X6kDwzO7Rw0Y9,0.0839,Classical
0.484,https://api.spotify.com/v1/audio-analysis/3af6PvJHP8XlFMWeuN7bF8,0.113,337840,0.161,3af6PvJHP8XlFMWeuN7bF8,0.9279999999999999,7,0.16,-20.046,1,0.0442,65.062,4,https://api.spotify.com/v1/tracks/3af6PvJHP8XlFMWeuN7bF8,audio_features,spotify:track:3af6PvJHP8XlFMWeuN7bF8,0.0365,Classical
0.36,https://api.spotify.com/v1/audio-analysis/2b9lp5A6CqSzwOrBfAFhof,0.45299999999999996,296200,0.905,2b9lp5A6CqSzwOrBfAFhof,0.0005690000000000001,9,0.26,-4.001,1,0.115,137.571,4,https://api.spotify.com/v1/tracks/2b9lp5A6CqSzwOrBfAFhof,audio_features,spotify:track:2b9lp5A6CqSzwOrBfAFhof,0.474,Rock
0.6829999999999999,https://api.spotify.com/v1/audio-analysis/5p3JunprHCxClJjOmcLV8G,0.575,254173,0.318,5p3JunprHCxClJjOmcLV8G,0.000202,0,0.0934,-16.729,1,0.109,104.522,4,https://api.spotify.com/v1/tracks/5p3JunprHCxClJjOmcLV8G,audio_features,spotify:track:5p3JunprHCxClJjOmcLV8G,0.385,Rock
0.0484,https://api.spotify.com/v1/audio-analysis/0hCB0YR03f6AmQaHbwWDe8,0.41200000000000003,333893,0.902,0hCB0YR03f6AmQaHbwWDe8,0.131,9,0.405,-11.6,1,0.405,89.74,4,https://api.spotify.com/v1/tracks/0hCB0YR03f6AmQaHbwWDe8,audio_features,spotify:track:0hCB0YR03f6AmQaHbwWDe8,0.42200000000000004,Rock
0.966,https://api.spotify.com/v1/audio-analysis/4QfYHdV8hMoyS9qKUct98q,0.115,455467,0.0422,4QfYHdV8hMoyS9qKUct98q,0.919,8,0.0896,-24.136999999999997,1,0.0404,87.855,3,https://api.spotify.com/v1/tracks/4QfYHdV8hMoyS9qKUct98q,audio_features,spotify:track:4QfYHdV8hMoyS9qKUct98q,0.037000000000000005,Classical
0.948,https://api.spotify.com/v1/audio-analysis/3QqPgzOcv9titKufFR0gsQ,0.353,564640,0.254,3QqPgzOcv9titKufFR0gsQ,0.8590000000000001,0,0.0843,-16.205,1,0.0349,133.808,4,https://api.spotify.com/v1/tracks/3QqPgzOcv9titKufFR0gsQ,audio_features,spotify:track:3QqPgzOcv9titKufFR0gsQ,0.0986,Classical
0.0112,https://api.spotify.com/v1/audio-analysis/1xShPgQbOUa98avWJQFDBY,0.637,224907,0.682,1xShPgQbOUa98avWJQFDBY,0.0234,11,0.0473,-11.625,1,0.0366,129.983,4,https://api.spotify.com/v1/tracks/1xShPgQbOUa98avWJQFDBY,audio_features,spotify:track:1xShPgQbOUa98avWJQFDBY,0.7140000000000001,Rock
0.894,https://api.spotify.com/v1/audio-analysis/72jIJDADnBLJKXV2yxv5N0,0.35200000000000004,626240,0.235,72jIJDADnBLJKXV2yxv5N0,0.675,2,0.396,-16.235,1,0.0398,109.16,1,https://api.spotify.com/v1/tracks/72jIJDADnBLJKXV2yxv5N0,audio_features,spotify:track:72jIJDADnBLJKXV2yxv5N0,0.32899999999999996,Classical
0.0691,https://api.spotify.com/v1/audio-analysis/0L6w0YHzEYfmO8Pp0ibcin,0.528,180581,0.705,0L6w0YHzEYfmO8Pp0ibcin,0.0,0,0.109,-4.7669999999999995,0,0.35200000000000004,160.014,4,https://api.spotify.com/v1/tracks/0L6w0YHzEYfmO8Pp0ibcin,audio_features,spotify:track:0L6w0YHzEYfmO8Pp0ibcin,0.645,Hip-Hop
0.156,https://api.spotify.com/v1/audio-analysis/0gO3E51A3fqp0ypJ26QbVP,0.784,232839,0.632,0gO3E51A3fqp0ypJ26QbVP,0.0,10,0.605,-6.082999999999999,0,0.34700000000000003,124.603,4,https://api.spotify.com/v1/tracks/0gO3E51A3fqp0ypJ26QbVP,audio_features,spotify:track:0gO3E51A3fqp0ypJ26QbVP,0.746,Hip-Hop
0.48700000000000004,https://api.spotify.com/v1/audio-analysis/5rZlwNFl01HqLWBQGryKSm,0.48,213333,0.602,5rZlwNFl01HqLWBQGryKSm,0.0,10,0.0848,-6.335,0,0.368,179.798,4,https://api.spotify.com/v1/tracks/5rZlwNFl01HqLWBQGryKSm,audio_features,spotify:track:5rZlwNFl01HqLWBQGryKSm,0.26899999999999996,Hip-Hop
0.0983,https://api.spotify.com/v1/audio-analysis/5SAUIWdZ04OxYfJFDchC7S,0.632,342173,0.586,5SAUIWdZ04OxYfJFDchC7S,0.581,0,0.0535,-11.333,1,0.0284,114.243,4,https://api.spotify.com/v1/tracks/5SAUIWdZ04OxYfJFDchC7S,audio_features,spotify:track:5SAUIWdZ04OxYfJFDchC7S,0.89,Rock
0.963,https://api.spotify.com/v1/audio-analysis/7dchPojQcmY6eMBFJAo64i,0.46299999999999997,359667,0.162,7dchPojQcmY6eMBFJAo64i,0.825,7,0.0943,-24.484,0,0.045,125.514,4,https://api.spotify.com/v1/tracks/7dchPojQcmY6eMBFJAo64i,audio_features,spotify:track:7dchPojQcmY6eMBFJAo64i,0.374,Classical
0.44799999999999995,https://api.spotify.com/v1/audio-analysis/7MRyJPksH3G2cXHN8UKYzP,0.55,214733,0.8240000000000001,7MRyJPksH3G2cXHN8UKYzP,0.000127,2,0.366,-5.9879999999999995,1,0.0334,114.512,4,https://api.spotify.com/v1/tracks/7MRyJPksH3G2cXHN8UKYzP,audio_features,spotify:track:7MRyJPksH3G2cXHN8UKYzP,0.777,Rock
0.986,https://api.spotify.com/v1/audio-analysis/2sTUcyPMXztxu2Y1DuxDZx,0.161,197400,0.0144,2sTUcyPMXztxu2Y1DuxDZx,0.11699999999999999,6,0.0836,-30.883000000000003,1,0.0365,82.646,4,https://api.spotify.com/v1/tracks/2sTUcyPMXztxu2Y1DuxDZx,audio_features,spotify:track:2sTUcyPMXztxu2Y1DuxDZx,0.0336,Classical
0.203,https://api.spotify.com/v1/audio-analysis/4iHSE5R1U8jf84tRn52xRt,0.816,226314,0.579,4iHSE5R1U8jf84tRn52xRt,0.0,1,0.127,-6.097,1,0.0867,120.07799999999999,4,https://api.spotify.com/v1/tracks/4iHSE5R1U8jf84tRn52xRt,audio_features,spotify:track:4iHSE5R1U8jf84tRn52xRt,0.43,Hip-Hop
0.0179,https://api.spotify.com/v1/audio-analysis/6x9q8zyUs4vOiZmKqbFkCl,0.7240000000000001,152346,0.489,6x9q8zyUs4vOiZmKqbFkCl,4.6399999999999996e-05,2,0.11699999999999999,-6.7620000000000005,1,0.0788,75.01,4,https://api.spotify.com/v1/tracks/6x9q8zyUs4vOiZmKqbFkCl,audio_features,spotify:track:6x9q8zyUs4vOiZmKqbFkCl,0.268,Hip-Hop
0.281,https://api.spotify.com/v1/audio-analysis/5LHHKZOwV8XW4LJP2C64mw,0.8370000000000001,197000,0.586,5LHHKZOwV8XW4LJP2C64mw,0.0,11,0.134,-8.521,0,0.0807,117.066,4,https://api.spotify.com/v1/tracks/5LHHKZOwV8XW4LJP2C64mw,audio_features,spotify:track:5LHHKZOwV8XW4LJP2C64mw,0.618,Hip-Hop
0.0523,https://api.spotify.com/v1/audio-analysis/2nsdM2dIV9EAlDWN0Ih3bP,0.733,181190,0.5920000000000001,2nsdM2dIV9EAlDWN0Ih3bP,0.0,1,0.129,-6.767,1,0.38799999999999996,119.844,4,https://api.spotify.com/v1/tracks/2nsdM2dIV9EAlDWN0Ih3bP,audio_features,spotify:track:2nsdM2dIV9EAlDWN0Ih3bP,0.387,Hip-Hop
0.9740000000000001,https://api.spotify.com/v1/audio-analysis/1CSaCKPIp2yCIDL3t7Fyau,0.102,537427,0.0733,1CSaCKPIp2yCIDL3t7Fyau,0.8590000000000001,10,0.28,-24.133000000000003,0,0.0488,73.954,3,https://api.spotify.com/v1/tracks/1CSaCKPIp2yCIDL3t7Fyau,audio_features,spotify:track:1CSaCKPIp2yCIDL3t7Fyau,0.0308,Classical
0.0327,https://api.spotify.com/v1/audio-analysis/2Ec33AVlkTTq8BHFgBTdQs,0.8809999999999999,198913,0.457,2Ec33AVlkTTq8BHFgBTdQs,0.0,7,0.231,-8.191,0,0.156,136.97,4,https://api.spotify.com/v1/tracks/2Ec33AVlkTTq8BHFgBTdQs,audio_features,spotify:track:2Ec33AVlkTTq8BHFgBTdQs,0.29600000000000004,Hip-Hop
0.0317,https://api.spotify.com/v1/audio-analysis/3jT2LKH0RSbQ8jIUNFzXm5,0.883,232065,0.8079999999999999,3jT2LKH0RSbQ8jIUNFzXm5,0.0,1,0.207,-3.158,0,0.183,119.012,4,https://api.spotify.com/v1/tracks/3jT2LKH0RSbQ8jIUNFzXm5,audio_features,spotify:track:3jT2LKH0RSbQ8jIUNFzXm5,0.805,Hip-Hop
0.78,https://api.spotify.com/v1/audio-analysis/1JkZg3eMQTmTn93E8Yd3UL,0.8059999999999999,191227,0.462,1JkZg3eMQTmTn93E8Yd3UL,0.0134,2,0.15,-12.777999999999999,1,0.0298,92.726,4,https://api.spotify.com/v1/tracks/1JkZg3eMQTmTn93E8Yd3UL,audio_features,spotify:track:1JkZg3eMQTmTn93E8Yd3UL,0.736,Rock
0.995,https://api.spotify.com/v1/audio-analysis/46tPGzCXCI2oKsemztDA9u,0.193,402493,0.0656,46tPGzCXCI2oKsemztDA9u,0.8290000000000001,10,0.11900000000000001,-19.239,1,0.0471,128.975,3,https://api.spotify.com/v1/tracks/46tPGzCXCI2oKsemztDA9u,audio_features,spotify:track:46tPGzCXCI2oKsemztDA9u,0.0359,Classical
0.059000000000000004,https://api.spotify.com/v1/audio-analysis/2MBgsiBqsvl3LRidyvZaGA,0.8220000000000001,176216,0.457,2MBgsiBqsvl3LRidyvZaGA,0.00114,5,0.182,-10.311,0,0.139,82.014,4,https://api.spotify.com/v1/tracks/2MBgsiBqsvl3LRidyvZaGA,audio_features,spotify:track:2MBgsiBqsvl3LRidyvZaGA,0.696,Hip-Hop
0.992,https://api.spotify.com/v1/audio-analysis/2MSgFefjK0T7Iwjvr3OKqV,0.225,259493,0.0047,2MSgFefjK0T7Iwjvr3OKqV,0.8809999999999999,1,0.0722,-30.928,0,0.0509,163.665,4,https://api.spotify.com/v1/tracks/2MSgFefjK0T7Iwjvr3OKqV,audio_features,spotify:track:2MSgFefjK0T7Iwjvr3OKqV,0.18600000000000003,Classical
0.385,https://api.spotify.com/v1/audio-analysis/7LbfuQVct78YoghmoPtsQ8,0.6709999999999999,265067,0.405,7LbfuQVct78YoghmoPtsQ8,0.0,0,0.132,-10.052,1,0.0392,99.678,4,https://api.spotify.com/v1/tracks/7LbfuQVct78YoghmoPtsQ8,audio_features,spotify:track:7LbfuQVct78YoghmoPtsQ8,0.828,Rock
0.8909999999999999,https://api.spotify.com/v1/audio-analysis/7xGcLLeK1de0I71lH28DeM,0.14400000000000002,482000,0.0868,7xGcLLeK1de0I71lH28DeM,0.904,8,0.177,-23.338,1,0.0387,94.463,3,https://api.spotify.com/v1/tracks/7xGcLLeK1de0I71lH28DeM,audio_features,spotify:track:7xGcLLeK1de0I71lH28DeM,0.0737,Classical
0.0768,https://api.spotify.com/v1/audio-analysis/0J6mQxEZnlRt9ymzFntA6z,0.534,249293,0.887,0J6mQxEZnlRt9ymzFntA6z,9.93e-05,0,0.325,-3.7769999999999997,1,0.0345,122.494,4,https://api.spotify.com/v1/tracks/0J6mQxEZnlRt9ymzFntA6z,audio_features,spotify:track:0J6mQxEZnlRt9ymzFntA6z,0.72,Rock
0.061,https://api.spotify.com/v1/audio-analysis/2zYzyRzz6pRmhPzyfMEC8s,0.574,208400,0.9129999999999999,2zYzyRzz6pRmhPzyfMEC8s,0.00158,6,0.156,-4.793,0,0.133,115.728,4,https://api.spotify.com/v1/tracks/2zYzyRzz6pRmhPzyfMEC8s,audio_features,spotify:track:2zYzyRzz6pRmhPzyfMEC8s,0.423,Rock
0.927,https://api.spotify.com/v1/audio-analysis/7HSs4srn1qnZhh7WRWBVOk,0.209,341693,0.10099999999999999,7HSs4srn1qnZhh7WRWBVOk,0.9,0,0.0776,-19.383,1,0.0403,85.851,4,https://api.spotify.com/v1/tracks/7HSs4srn1qnZhh7WRWBVOk,audio_features,spotify:track:7HSs4srn1qnZhh7WRWBVOk,0.153,Classical
0.0664,https://api.spotify.com/v1/audio-analysis/2LawezPeJhN4AWuSB0GtAU,0.741,160133,0.6970000000000001,2LawezPeJhN4AWuSB0GtAU,2.2800000000000002e-05,0,0.133,-7.028,1,0.0277,116.109,4,https://api.spotify.com/v1/tracks/2LawezPeJhN4AWuSB0GtAU,audio_features,spotify:track:2LawezPeJhN4AWuSB0GtAU,0.774,Rock
0.201,https://api.spotify.com/v1/audio-analysis/4BP3uh0hFLFRb5cjsgLqDh,0.64,140773,0.6629999999999999,4BP3uh0hFLFRb5cjsgLqDh,0.00806,0,0.152,-7.516,1,0.0374,132.77,4,https://api.spotify.com/v1/tracks/4BP3uh0hFLFRb5cjsgLqDh,audio_features,spotify:track:4BP3uh0hFLFRb5cjsgLqDh,0.6629999999999999,Rock
0.121,https://api.spotify.com/v1/audio-analysis/4CFWD1hc6hJ1B6zlCyE8ZO,0.585,150857,0.635,4CFWD1hc6hJ1B6zlCyE8ZO,0.000425,6,0.0627,-9.494,1,0.0346,154.977,4,https://api.spotify.com/v1/tracks/4CFWD1hc6hJ1B6zlCyE8ZO,audio_features,spotify:track:4CFWD1hc6hJ1B6zlCyE8ZO,0.4,Hip-Hop
0.452,https://api.spotify.com/v1/audio-analysis/6Vjk8MNXpQpi0F4BefdTyq,0.483,517125,0.615,6Vjk8MNXpQpi0F4BefdTyq,0.000414,2,0.0512,-8.538,1,0.0497,80.57600000000001,3,https://api.spotify.com/v1/tracks/6Vjk8MNXpQpi0F4BefdTyq,audio_features,spotify:track:6Vjk8MNXpQpi0F4BefdTyq,0.594,Rock
0.514,https://api.spotify.com/v1/audio-analysis/2GfzaCJKs8DM5jnMCUrpOt,0.741,153129,0.546,2GfzaCJKs8DM5jnMCUrpOt,0.0,1,0.135,-8.66,0,0.295,162.989,4,https://api.spotify.com/v1/tracks/2GfzaCJKs8DM5jnMCUrpOt,audio_features,spotify:track:2GfzaCJKs8DM5jnMCUrpOt,0.7170000000000001,Hip-Hop
0.408,https://api.spotify.com/v1/audio-analysis/6J3ooZ89l4ekDPOiopOtEl,0.8140000000000001,157259,0.578,6J3ooZ89l4ekDPOiopOtEl,2.65e-06,5,0.10800000000000001,-6.595,0,0.3,160.02200000000002,4,https://api.spotify.com/v1/tracks/6J3ooZ89l4ekDPOiopOtEl,audio_features,spotify:track:6J3ooZ89l4ekDPOiopOtEl,0.495,Hip-Hop
0.258,https://api.spotify.com/v1/audio-analysis/480w0G4nN1mqJuhI1aLJ2c,0.802,139904,0.5820000000000001,480w0G4nN1mqJuhI1aLJ2c,0.0,10,0.10800000000000001,-7.787000000000001,0,0.452,104.133,4,https://api.spotify.com/v1/tracks/480w0G4nN1mqJuhI1aLJ2c,audio_features,spotify:track:480w0G4nN1mqJuhI1aLJ2c,0.387,Hip-Hop
0.10099999999999999,https://api.spotify.com/v1/audio-analysis/5ry2OE6R2zPQFDO85XkgRb,0.831,205427,0.502,5ry2OE6R2zPQFDO85XkgRb,0.0,10,0.122,-4.045,0,0.046,100.541,4,https://api.spotify.com/v1/tracks/5ry2OE6R2zPQFDO85XkgRb,audio_features,spotify:track:5ry2OE6R2zPQFDO85XkgRb,0.10099999999999999,Hip-Hop
0.262,https://api.spotify.com/v1/audio-analysis/63OFKbMaZSDZ4wtesuuq6f,0.43799999999999994,210373,0.71,63OFKbMaZSDZ4wtesuuq6f,0.537,2,0.221,-12.412,1,0.0919,145.928,4,https://api.spotify.com/v1/tracks/63OFKbMaZSDZ4wtesuuq6f,audio_features,spotify:track:63OFKbMaZSDZ4wtesuuq6f,0.53,Rock
0.955,https://api.spotify.com/v1/audio-analysis/3VQ7hwiEfaHDl3AySgyaiR,0.436,153267,0.151,3VQ7hwiEfaHDl3AySgyaiR,0.7929999999999999,11,0.11,-20.745,0,0.0603,103.777,4,https://api.spotify.com/v1/tracks/3VQ7hwiEfaHDl3AySgyaiR,audio_features,spotify:track:3VQ7hwiEfaHDl3AySgyaiR,0.359,Classical
0.927,https://api.spotify.com/v1/audio-analysis/1upQiytDIEZfl9ItruoXuC,0.204,207267,0.0331,1upQiytDIEZfl9ItruoXuC,0.825,2,0.0954,-24.044,0,0.0487,116.2,3,https://api.spotify.com/v1/tracks/1upQiytDIEZfl9ItruoXuC,audio_features,spotify:track:1upQiytDIEZfl9ItruoXuC,0.0547,Classical
0.0632,https://api.spotify.com/v1/audio-analysis/6cr6UDpkjEaMQ80OjWqEBQ,0.73,350400,0.868,6cr6UDpkjEaMQ80OjWqEBQ,0.0661,5,0.318,-7.325,1,0.0288,148.217,4,https://api.spotify.com/v1/tracks/6cr6UDpkjEaMQ80OjWqEBQ,audio_features,spotify:track:6cr6UDpkjEaMQ80OjWqEBQ,0.9229999999999999,Rock
0.89,https://api.spotify.com/v1/audio-analysis/3jLcwFns5S9OYQojN8XAkJ,0.154,775307,0.0026100000000000003,3jLcwFns5S9OYQojN8XAkJ,0.763,1,0.125,-36.266999999999996,1,0.0419,83.54899999999999,4,https://api.spotify.com/v1/tracks/3jLcwFns5S9OYQojN8XAkJ,audio_features,spotify:track:3jLcwFns5S9OYQojN8XAkJ,0.0366,Classical
0.00824,https://api.spotify.com/v1/audio-analysis/6WbTTAGKrQtCQvmc5BuYfh,0.821,154324,0.863,6WbTTAGKrQtCQvmc5BuYfh,0.0,6,0.0377,-3.159,1,0.353,180.013,4,https://api.spotify.com/v1/tracks/6WbTTAGKrQtCQvmc5BuYfh,audio_features,spotify:track:6WbTTAGKrQtCQvmc5BuYfh,0.8740000000000001,Hip-Hop
0.927,https://api.spotify.com/v1/audio-analysis/0mcgXc8P5GyGtP9aY7zir6,0.36700000000000005,273562,0.316,0mcgXc8P5GyGtP9aY7zir6,0.779,9,0.113,-14.49,0,0.0429,149.089,4,https://api.spotify.com/v1/tracks/0mcgXc8P5GyGtP9aY7zir6,audio_features,spotify:track:0mcgXc8P5GyGtP9aY7zir6,0.242,Classical
0.0204,https://api.spotify.com/v1/audio-analysis/07twUUK8jWUCVsrSoEgbLW,0.741,156533,0.6779999999999999,07twUUK8jWUCVsrSoEgbLW,0.0,1,0.0782,-5.835,1,0.355,165.106,4,https://api.spotify.com/v1/tracks/07twUUK8jWUCVsrSoEgbLW,audio_features,spotify:track:07twUUK8jWUCVsrSoEgbLW,0.718,Hip-Hop
0.0102,https://api.spotify.com/v1/audio-analysis/51H2y6YrNNXcy3dfc3qSbA,0.7290000000000001,352906,0.9890000000000001,51H2y6YrNNXcy3dfc3qSbA,4.45e-05,9,0.44299999999999995,-4.613,0,0.049,126.47,4,https://api.spotify.com/v1/tracks/51H2y6YrNNXcy3dfc3qSbA,audio_features,spotify:track:51H2y6YrNNXcy3dfc3qSbA,0.84,Rock
0.873,https://api.spotify.com/v1/audio-analysis/6Uk28Hs2MulezLxMrd1rBD,0.205,337253,0.0686,6Uk28Hs2MulezLxMrd1rBD,0.402,4,0.0909,-23.415,0,0.0462,90.779,1,https://api.spotify.com/v1/tracks/6Uk28Hs2MulezLxMrd1rBD,audio_features,spotify:track:6Uk28Hs2MulezLxMrd1rBD,0.0359,Classical
0.00321,https://api.spotify.com/v1/audio-analysis/4DMKwE2E2iYDKY01C335Uw,0.48200000000000004,323000,0.7859999999999999,4DMKwE2E2iYDKY01C335Uw,8.88e-05,7,0.446,-5.735,1,0.032,126.755,4,https://api.spotify.com/v1/tracks/4DMKwE2E2iYDKY01C335Uw,audio_features,spotify:track:4DMKwE2E2iYDKY01C335Uw,0.7929999999999999,Rock
0.268,https://api.spotify.com/v1/audio-analysis/4cSSL3YafYjM3yjgFO1vJg,0.867,173288,0.7440000000000001,4cSSL3YafYjM3yjgFO1vJg,0.0,2,0.0713,-5.171,1,0.22699999999999998,84.005,4,https://api.spotify.com/v1/tracks/4cSSL3YafYjM3yjgFO1vJg,audio_features,spotify:track:4cSSL3YafYjM3yjgFO1vJg,0.645,Hip-Hop
0.0169,https://api.spotify.com/v1/audio-analysis/3YBZIN3rekqsKxbJc9FZko,0.273,405640,0.9520000000000001,3YBZIN3rekqsKxbJc9FZko,0.0111,11,0.142,-8.762,1,0.0843,100.271,4,https://api.spotify.com/v1/tracks/3YBZIN3rekqsKxbJc9FZko,audio_features,spotify:track:3YBZIN3rekqsKxbJc9FZko,0.47200000000000003,Rock
0.0241,https://api.spotify.com/v1/audio-analysis/3aoDEt6zSuYQ47gzarlaVo,0.469,382834,0.537,3aoDEt6zSuYQ47gzarlaVo,0.00201,9,0.26899999999999996,-10.421,1,0.152,124.193,1,https://api.spotify.com/v1/tracks/3aoDEt6zSuYQ47gzarlaVo,audio_features,spotify:track:3aoDEt6zSuYQ47gzarlaVo,0.7829999999999999,Rock
0.406,https://api.spotify.com/v1/audio-analysis/1qRA5BS78u3gME0loMl9AA,0.653,153693,0.519,1qRA5BS78u3gME0loMl9AA,0.0209,2,0.10099999999999999,-10.164,1,0.0497,98.883,4,https://api.spotify.com/v1/tracks/1qRA5BS78u3gME0loMl9AA,audio_features,spotify:track:1qRA5BS78u3gME0loMl9AA,0.8220000000000001,Rock
0.9940000000000001,https://api.spotify.com/v1/audio-analysis/4GnVpbnWjHFrpXjAcPHvqM,0.12,256573,0.138,4GnVpbnWjHFrpXjAcPHvqM,0.6859999999999999,10,0.11,-15.538,1,0.048,67.89399999999999,4,https://api.spotify.com/v1/tracks/4GnVpbnWjHFrpXjAcPHvqM,audio_features,spotify:track:4GnVpbnWjHFrpXjAcPHvqM,0.043,Classical
0.963,https://api.spotify.com/v1/audio-analysis/74WjYdm3Lvbwnds4thYPUU,0.212,177333,0.301,74WjYdm3Lvbwnds4thYPUU,0.0033,2,0.13,-12.505,1,0.0384,84.025,4,https://api.spotify.com/v1/tracks/74WjYdm3Lvbwnds4thYPUU,audio_features,spotify:track:74WjYdm3Lvbwnds4thYPUU,0.0798,Classical
0.8590000000000001,https://api.spotify.com/v1/audio-analysis/42gZM6AQ9BDMaTyTmMDVlN,0.142,255693,0.113,42gZM6AQ9BDMaTyTmMDVlN,0.838,2,0.107,-25.362,0,0.0415,98.575,1,https://api.spotify.com/v1/tracks/42gZM6AQ9BDMaTyTmMDVlN,audio_features,spotify:track:42gZM6AQ9BDMaTyTmMDVlN,0.0697,Classical
0.897,https://api.spotify.com/v1/audio-analysis/1n8NKQRg8LVHy7oUhUgbFF,0.156,309093,0.162,1n8NKQRg8LVHy7oUhUgbFF,0.691,2,0.111,-17.101,0,0.036000000000000004,73.407,4,https://api.spotify.com/v1/tracks/1n8NKQRg8LVHy7oUhUgbFF,audio_features,spotify:track:1n8NKQRg8LVHy7oUhUgbFF,0.077,Classical
0.244,https://api.spotify.com/v1/audio-analysis/2SAqBLGA283SUiwJ3xOUVI,0.7609999999999999,261493,0.518,2SAqBLGA283SUiwJ3xOUVI,3.47e-05,0,0.107,-8.871,1,0.134,133.976,4,https://api.spotify.com/v1/tracks/2SAqBLGA283SUiwJ3xOUVI,audio_features,spotify:track:2SAqBLGA283SUiwJ3xOUVI,0.522,Hip-Hop
0.27899999999999997,https://api.spotify.com/v1/audio-analysis/3ZBScVMUjBQJfYbs9V8e3N,0.836,137143,0.5579999999999999,3ZBScVMUjBQJfYbs9V8e3N,1.55e-05,6,0.107,-9.572000000000001,0,0.0387,125.978,4,https://api.spotify.com/v1/tracks/3ZBScVMUjBQJfYbs9V8e3N,audio_features,spotify:track:3ZBScVMUjBQJfYbs9V8e3N,0.708,Hip-Hop
0.271,https://api.spotify.com/v1/audio-analysis/1AhDOtG9vPSOmsWgNW0BEY,0.414,354320,0.40399999999999997,1AhDOtG9vPSOmsWgNW0BEY,0.0,0,0.3,-9.927999999999999,0,0.0499,71.105,4,https://api.spotify.com/v1/tracks/1AhDOtG9vPSOmsWgNW0BEY,audio_features,spotify:track:1AhDOtG9vPSOmsWgNW0BEY,0.22399999999999998,Rock
0.20600000000000002,https://api.spotify.com/v1/audio-analysis/0HkoTr9t0f6MeqGoUS3E3e,0.762,247178,0.703,0HkoTr9t0f6MeqGoUS3E3e,0.0,10,0.0912,-7.9510000000000005,0,0.306,151.329,4,https://api.spotify.com/v1/tracks/0HkoTr9t0f6MeqGoUS3E3e,audio_features,spotify:track:0HkoTr9t0f6MeqGoUS3E3e,0.519,Hip-Hop
0.991,https://api.spotify.com/v1/audio-analysis/5i7bLnNE0R3m1MNUY7UsqT,0.377,500500,0.17300000000000001,5i7bLnNE0R3m1MNUY7UsqT,0.909,9,0.10300000000000001,-21.377,1,0.0329,132.187,4,https://api.spotify.com/v1/tracks/5i7bLnNE0R3m1MNUY7UsqT,audio_features,spotify:track:5i7bLnNE0R3m1MNUY7UsqT,0.5579999999999999,Classical
8.44e-05,https://api.spotify.com/v1/audio-analysis/1Ly0ssAgeM7YqdHptao8Oe,0.426,168440,0.619,1Ly0ssAgeM7YqdHptao8Oe,0.0023899999999999998,4,0.17,-11.501,0,0.0722,162.721,4,https://api.spotify.com/v1/tracks/1Ly0ssAgeM7YqdHptao8Oe,audio_features,spotify:track:1Ly0ssAgeM7YqdHptao8Oe,0.382,Rock
0.157,https://api.spotify.com/v1/audio-analysis/6FsQrRpBLgsrFeAeiQqytm,0.7290000000000001,267000,0.818,6FsQrRpBLgsrFeAeiQqytm,0.285,2,0.195,-9.992,1,0.0732,125.811,4,https://api.spotify.com/v1/tracks/6FsQrRpBLgsrFeAeiQqytm,audio_features,spotify:track:6FsQrRpBLgsrFeAeiQqytm,0.907,Rock
0.015,https://api.spotify.com/v1/audio-analysis/5WAw7VvsJFUfkYyQ2HsTdY,0.838,154125,0.516,5WAw7VvsJFUfkYyQ2HsTdY,0.0,1,0.0968,-9.418,0,0.0722,95.01700000000001,4,https://api.spotify.com/v1/tracks/5WAw7VvsJFUfkYyQ2HsTdY,audio_features,spotify:track:5WAw7VvsJFUfkYyQ2HsTdY,0.637,Hip-Hop
0.011000000000000001,https://api.spotify.com/v1/audio-analysis/08mG3Y1vljYA6bvDt4Wqkj,0.31,255493,0.7,08mG3Y1vljYA6bvDt4Wqkj,0.00965,9,0.0828,-5.678,1,0.047,188.386,4,https://api.spotify.com/v1/tracks/08mG3Y1vljYA6bvDt4Wqkj,audio_features,spotify:track:08mG3Y1vljYA6bvDt4Wqkj,0.763,Rock
0.995,https://api.spotify.com/v1/audio-analysis/3NbAsIxDL0fVgNuCLD152P,0.37,176518,0.0076,3NbAsIxDL0fVgNuCLD152P,0.91,4,0.0864,-33.663000000000004,1,0.0384,62.668,4,https://api.spotify.com/v1/tracks/3NbAsIxDL0fVgNuCLD152P,audio_features,spotify:track:3NbAsIxDL0fVgNuCLD152P,0.278,Classical
0.0781,https://api.spotify.com/v1/audio-analysis/4gMgiXfqyzZLMhsksGmbQV,0.6940000000000001,238747,0.39399999999999996,4gMgiXfqyzZLMhsksGmbQV,0.000677,0,0.247,-15.880999999999998,1,0.0428,104.126,4,https://api.spotify.com/v1/tracks/4gMgiXfqyzZLMhsksGmbQV,audio_features,spotify:track:4gMgiXfqyzZLMhsksGmbQV,0.7190000000000001,Rock
0.0462,https://api.spotify.com/v1/audio-analysis/7uDTc1eJwsD7iMZLhdp8LH,0.76,173870,0.674,7uDTc1eJwsD7iMZLhdp8LH,0.0,7,0.22,-7.042999999999999,1,0.129,101.98700000000001,4,https://api.spotify.com/v1/tracks/7uDTc1eJwsD7iMZLhdp8LH,audio_features,spotify:track:7uDTc1eJwsD7iMZLhdp8LH,0.431,Hip-Hop
0.00351,https://api.spotify.com/v1/audio-analysis/3IOQZRcEkplCXg6LofKqE9,0.336,355304,0.792,3IOQZRcEkplCXg6LofKqE9,0.00175,9,0.0437,-10.875,1,0.084,155.58700000000002,4,https://api.spotify.com/v1/tracks/3IOQZRcEkplCXg6LofKqE9,audio_features,spotify:track:3IOQZRcEkplCXg6LofKqE9,0.42700000000000005,Rock
0.247,https://api.spotify.com/v1/audio-analysis/7ytR5pFWmSjzHJIeQkgog4,0.746,181733,0.69,7ytR5pFWmSjzHJIeQkgog4,0.0,11,0.10099999999999999,-7.956,1,0.16399999999999998,89.977,4,https://api.spotify.com/v1/tracks/7ytR5pFWmSjzHJIeQkgog4,audio_features,spotify:track:7ytR5pFWmSjzHJIeQkgog4,0.49700000000000005,Hip-Hop
0.0057399999999999994,https://api.spotify.com/v1/audio-analysis/40riOy7x9W7GXjyGp4pjAv,0.579,391376,0.508,40riOy7x9W7GXjyGp4pjAv,0.0004940000000000001,2,0.0575,-9.484,1,0.027000000000000003,147.125,4,https://api.spotify.com/v1/tracks/40riOy7x9W7GXjyGp4pjAv,audio_features,spotify:track:40riOy7x9W7GXjyGp4pjAv,0.609,Rock
0.991,https://api.spotify.com/v1/audio-analysis/4maWRmE0OaHvF245FtrjDD,0.128,147573,0.0386,4maWRmE0OaHvF245FtrjDD,0.94,0,0.10400000000000001,-23.759,1,0.0434,75.081,4,https://api.spotify.com/v1/tracks/4maWRmE0OaHvF245FtrjDD,audio_features,spotify:track:4maWRmE0OaHvF245FtrjDD,0.0359,Classical
0.986,https://api.spotify.com/v1/audio-analysis/0H2VhGUC3P3hvwz8rdGIpC,0.23,203656,0.0487,0H2VhGUC3P3hvwz8rdGIpC,0.945,5,0.0679,-27.675,1,0.0412,134.839,5,https://api.spotify.com/v1/tracks/0H2VhGUC3P3hvwz8rdGIpC,audio_features,spotify:track:0H2VhGUC3P3hvwz8rdGIpC,0.10099999999999999,Classical
0.0863,https://api.spotify.com/v1/audio-analysis/0F2NUfcdhzdyEjNezAVGYg,0.575,170667,0.5660000000000001,0F2NUfcdhzdyEjNezAVGYg,0.0,8,0.0974,-7.6129999999999995,0,0.483,120.245,5,https://api.spotify.com/v1/tracks/0F2NUfcdhzdyEjNezAVGYg,audio_features,spotify:track:0F2NUfcdhzdyEjNezAVGYg,0.282,Hip-Hop
0.40399999999999997,https://api.spotify.com/v1/audio-analysis/4tMQaBhxsc9QjuFdWBeWjB,0.8,163605,0.7190000000000001,4tMQaBhxsc9QjuFdWBeWjB,0.0,6,0.125,-4.787,0,0.257,144.907,4,https://api.spotify.com/v1/tracks/4tMQaBhxsc9QjuFdWBeWjB,audio_features,spotify:track:4tMQaBhxsc9QjuFdWBeWjB,0.7390000000000001,Hip-Hop
0.993,https://api.spotify.com/v1/audio-analysis/1cmigB9I6IRpFqjIbzvSQB,0.335,294960,0.0050100000000000006,1cmigB9I6IRpFqjIbzvSQB,0.919,1,0.0618,-33.366,1,0.0451,132.085,3,https://api.spotify.com/v1/tracks/1cmigB9I6IRpFqjIbzvSQB,audio_features,spotify:track:1cmigB9I6IRpFqjIbzvSQB,0.0383,Classical
0.0119,https://api.spotify.com/v1/audio-analysis/4JNi40t7xR5bO3PWxRkiPN,0.27899999999999997,558933,0.852,4JNi40t7xR5bO3PWxRkiPN,0.076,7,0.0624,-7.837999999999999,1,0.0511,117.41799999999999,4,https://api.spotify.com/v1/tracks/4JNi40t7xR5bO3PWxRkiPN,audio_features,spotify:track:4JNi40t7xR5bO3PWxRkiPN,0.43799999999999994,Rock
0.0103,https://api.spotify.com/v1/audio-analysis/1RJeiAIwR9pZBgJA8ndZLL,0.505,204480,0.836,1RJeiAIwR9pZBgJA8ndZLL,0.0771,5,0.295,-7.3839999999999995,0,0.10099999999999999,159.66899999999998,4,https://api.spotify.com/v1/tracks/1RJeiAIwR9pZBgJA8ndZLL,audio_features,spotify:track:1RJeiAIwR9pZBgJA8ndZLL,0.764,Rock
0.335,https://api.spotify.com/v1/audio-analysis/0CmUzcA8gTG6AfFGt3X51I,0.664,134426,0.621,0CmUzcA8gTG6AfFGt3X51I,0.0,2,0.293,-8.164,1,0.047,100.02,4,https://api.spotify.com/v1/tracks/0CmUzcA8gTG6AfFGt3X51I,audio_features,spotify:track:0CmUzcA8gTG6AfFGt3X51I,0.302,Hip-Hop
0.0364,https://api.spotify.com/v1/audio-analysis/3NKQ5RU0qRtbwPXe1p8tVW,0.782,89573,0.32799999999999996,3NKQ5RU0qRtbwPXe1p8tVW,0.11,1,0.106,-11.677,1,0.14,83.971,4,https://api.spotify.com/v1/tracks/3NKQ5RU0qRtbwPXe1p8tVW,audio_features,spotify:track:3NKQ5RU0qRtbwPXe1p8tVW,0.7879999999999999,Hip-Hop
0.000373,https://api.spotify.com/v1/audio-analysis/0dOg1ySSI7NkpAe89Zo0b9,0.39799999999999996,278680,0.9520000000000001,0dOg1ySSI7NkpAe89Zo0b9,7.75e-05,4,0.1,-6.042000000000001,1,0.061,122.09299999999999,4,https://api.spotify.com/v1/tracks/0dOg1ySSI7NkpAe89Zo0b9,audio_features,spotify:track:0dOg1ySSI7NkpAe89Zo0b9,0.584,Rock
0.326,https://api.spotify.com/v1/audio-analysis/3KPwt1LBpt1jVSHz8GXERo,0.5429999999999999,313840,0.529,3KPwt1LBpt1jVSHz8GXERo,0.0026899999999999997,7,0.7090000000000001,-9.717,1,0.0301,85.126,4,https://api.spotify.com/v1/tracks/3KPwt1LBpt1jVSHz8GXERo,audio_features,spotify:track:3KPwt1LBpt1jVSHz8GXERo,0.746,Rock
0.313,https://api.spotify.com/v1/audio-analysis/2KmEgiY8fQs0G6WNxtzQKr,0.489,300400,0.7240000000000001,2KmEgiY8fQs0G6WNxtzQKr,0.185,5,0.287,-8.367,1,0.0352,117.292,4,https://api.spotify.com/v1/tracks/2KmEgiY8fQs0G6WNxtzQKr,audio_features,spotify:track:2KmEgiY8fQs0G6WNxtzQKr,0.15,Rock
0.179,https://api.spotify.com/v1/audio-analysis/6nsyYPCDUSacgXci9mvWln,0.8140000000000001,153733,0.527,6nsyYPCDUSacgXci9mvWln,0.000512,9,0.0767,-7.001,0,0.32799999999999996,170.063,4,https://api.spotify.com/v1/tracks/6nsyYPCDUSacgXci9mvWln,audio_features,spotify:track:6nsyYPCDUSacgXci9mvWln,0.54,Hip-Hop
0.185,https://api.spotify.com/v1/audio-analysis/2t7D3y0jvYjR8IP9Bosyew,0.544,183947,0.7440000000000001,2t7D3y0jvYjR8IP9Bosyew,0.0,6,0.336,-5.007,1,0.0889,73.699,4,https://api.spotify.com/v1/tracks/2t7D3y0jvYjR8IP9Bosyew,audio_features,spotify:track:2t7D3y0jvYjR8IP9Bosyew,0.5720000000000001,Hip-Hop
0.40299999999999997,https://api.spotify.com/v1/audio-analysis/47XrIknBWgyaBuwgLFcI1m,0.867,190919,0.521,47XrIknBWgyaBuwgLFcI1m,0.0,7,0.10099999999999999,-8.12,1,0.205,137.023,4,https://api.spotify.com/v1/tracks/47XrIknBWgyaBuwgLFcI1m,audio_features,spotify:track:47XrIknBWgyaBuwgLFcI1m,0.36,Hip-Hop
0.983,https://api.spotify.com/v1/audio-analysis/4rrrn8OLrttq7r9RgNXalU,0.19399999999999998,644273,0.0545,4rrrn8OLrttq7r9RgNXalU,0.945,4,0.0551,-24.877,1,0.0366,140.966,4,https://api.spotify.com/v1/tracks/4rrrn8OLrttq7r9RgNXalU,audio_features,spotify:track:4rrrn8OLrttq7r9RgNXalU,0.0385,Classical
0.996,https://api.spotify.com/v1/audio-analysis/5fdp9rXfEixCGLM1Og4EN1,0.376,296480,0.00579,5fdp9rXfEixCGLM1Og4EN1,0.9440000000000001,5,0.0882,-31.615,0,0.0576,71.827,4,https://api.spotify.com/v1/tracks/5fdp9rXfEixCGLM1Og4EN1,audio_features,spotify:track:5fdp9rXfEixCGLM1Og4EN1,0.0369,Classical
0.98,https://api.spotify.com/v1/audio-analysis/419qlOGNXoyICx4jO0hqaj,0.205,174653,0.0525,419qlOGNXoyICx4jO0hqaj,0.9059999999999999,1,0.10300000000000001,-23.840999999999998,1,0.0327,88.316,4,https://api.spotify.com/v1/tracks/419qlOGNXoyICx4jO0hqaj,audio_features,spotify:track:419qlOGNXoyICx4jO0hqaj,0.0511,Classical
0.17800000000000002,https://api.spotify.com/v1/audio-analysis/5X76oXHcR5uCXali0gOyX5,0.55,303200,0.5760000000000001,5X76oXHcR5uCXali0gOyX5,0.00935,0,0.0555,-13.475,1,0.0306,109.837,4,https://api.spotify.com/v1/tracks/5X76oXHcR5uCXali0gOyX5,audio_features,spotify:track:5X76oXHcR5uCXali0gOyX5,0.486,Rock
0.98,https://api.spotify.com/v1/audio-analysis/63cA2QfqtWZa0GGPZnYc0K,0.0999,532040,0.0241,63cA2QfqtWZa0GGPZnYc0K,0.7659999999999999,2,0.0623,-25.651,1,0.0432,89.001,3,https://api.spotify.com/v1/tracks/63cA2QfqtWZa0GGPZnYc0K,audio_features,spotify:track:63cA2QfqtWZa0GGPZnYc0K,0.0396,Classical
0.0187,https://api.spotify.com/v1/audio-analysis/2r6OAV3WsYtXuXjvJ1lIDi,0.905,190534,0.647,2r6OAV3WsYtXuXjvJ1lIDi,0.0,10,0.282,-5.065,0,0.107,130.97,4,https://api.spotify.com/v1/tracks/2r6OAV3WsYtXuXjvJ1lIDi,audio_features,spotify:track:2r6OAV3WsYtXuXjvJ1lIDi,0.36700000000000005,Hip-Hop
0.94,https://api.spotify.com/v1/audio-analysis/0w4LgJ5G1Xz5jLS3HX8oyq,0.218,1050893,0.11699999999999999,0w4LgJ5G1Xz5jLS3HX8oyq,0.861,0,0.15,-18.585,1,0.0489,77.009,4,https://api.spotify.com/v1/tracks/0w4LgJ5G1Xz5jLS3HX8oyq,audio_features,spotify:track:0w4LgJ5G1Xz5jLS3HX8oyq,0.0599,Classical
0.0221,https://api.spotify.com/v1/audio-analysis/1H7KnK26kc1YyellpbINEn,0.49,201600,0.618,1H7KnK26kc1YyellpbINEn,3.77e-06,1,0.259,-5.655,1,0.10400000000000001,99.7,4,https://api.spotify.com/v1/tracks/1H7KnK26kc1YyellpbINEn,audio_features,spotify:track:1H7KnK26kc1YyellpbINEn,0.28600000000000003,Hip-Hop
0.871,https://api.spotify.com/v1/audio-analysis/2fC30Rt5tFa6FA2jNb4fiz,0.326,435160,0.33,2fC30Rt5tFa6FA2jNb4fiz,0.7490000000000001,7,0.128,-12.967,0,0.0406,118.66799999999999,4,https://api.spotify.com/v1/tracks/2fC30Rt5tFa6FA2jNb4fiz,audio_features,spotify:track:2fC30Rt5tFa6FA2jNb4fiz,0.293,Classical
0.0029,https://api.spotify.com/v1/audio-analysis/5QTxFnGygVM4jFQiBovmRo,0.33299999999999996,308120,0.927,5QTxFnGygVM4jFQiBovmRo,0.00020800000000000001,9,0.297,-8.55,0,0.0733,141.466,4,https://api.spotify.com/v1/tracks/5QTxFnGygVM4jFQiBovmRo,audio_features,spotify:track:5QTxFnGygVM4jFQiBovmRo,0.385,Rock
0.9470000000000001,https://api.spotify.com/v1/audio-analysis/1MiWGSGDC5mGoP3MNclZ7s,0.10099999999999999,208587,0.0241,1MiWGSGDC5mGoP3MNclZ7s,0.847,11,0.0693,-30.171999999999997,0,0.0485,87.14,3,https://api.spotify.com/v1/tracks/1MiWGSGDC5mGoP3MNclZ7s,audio_features,spotify:track:1MiWGSGDC5mGoP3MNclZ7s,0.0329,Classical
0.038,https://api.spotify.com/v1/audio-analysis/1EWkw4Fa6IlnsAihLUlFFM,0.389,183567,0.768,1EWkw4Fa6IlnsAihLUlFFM,0.0,1,0.11900000000000001,-4.765,1,0.256,90.146,4,https://api.spotify.com/v1/tracks/1EWkw4Fa6IlnsAihLUlFFM,audio_features,spotify:track:1EWkw4Fa6IlnsAihLUlFFM,0.33399999999999996,Hip-Hop
